time_window,accept_rate,request,long_waiting,longwait_percent,medium_waiting_time
04 08:00:00,0.85,20,0,0.0,3.100411723057429
04 08:20:00,0.8636363636363636,22,3,0.13636363636363635,8.83719470024109
04 08:40:00,0.8055555555555556,36,4,0.1111111111111111,6.72507210969925
04 09:00:00,0.890625,64,6,0.09375,9.77418748140335
04 09:20:00,0.8166666666666667,60,13,0.21666666666666667,9.5759159859489
04 09:40:00,0.7407407407407407,81,27,0.3333333333333333,9.300198701046131
04 10:00:00,0.7087378640776699,103,40,0.3883495145631068,9.14272626168198
04 10:20:00,0.5161290322580645,124,63,0.5080645161290323,10.715664398308956
04 10:40:00,0.5098039215686274,153,82,0.5359477124183006,10.556358430335472
04 11:00:00,0.38620689655172413,145,84,0.5793103448275863,11.495165887338663
04 11:20:00,0.35384615384615387,130,74,0.5692307692307692,11.185592222770055
04 11:40:00,0.4444444444444444,135,67,0.4962962962962963,9.814942337947636
04 12:00:00,0.684931506849315,73,17,0.2328767123287671,8.395039697984854
04 12:20:00,0.8484848484848485,66,16,0.24242424242424243,7.885607911073245
04 12:40:00,0.85,40,1,0.025,4.7181871891021725
04 13:00:00,0.8461538461538461,26,0,0.0,3.3612861156463625
04 13:20:00,0.975,40,1,0.025,7.533299783865611
04 13:40:00,0.9032258064516129,31,0,0.0,3.2721035838127137
04 14:00:00,0.9722222222222222,36,1,0.027777777777777776,13.2375857035319
04 14:20:00,0.9523809523809523,42,4,0.09523809523809523,8.763511514001424
04 14:40:00,1.0,41,0,0.0,3.352591061592102
04 15:00:00,0.9803921568627451,51,0,0.0,
04 15:20:00,0.9782608695652174,46,1,0.021739130434782608,7.021363333861033
04 15:40:00,1.0,59,1,0.01694915254237288,5.218639000256856
04 16:00:00,0.9642857142857143,56,0,0.0,
04 16:20:00,0.9795918367346939,49,1,0.02040816326530612,5.2769708832105
04 16:40:00,0.9444444444444444,54,0,0.0,
04 17:00:00,1.0,59,0,0.0,
04 17:20:00,0.9230769230769231,65,3,0.046153846153846156,8.52310705780983
04 17:40:00,0.8888888888888888,45,1,0.022222222222222223,6.418354348341624
04 18:00:00,0.6845238095238095,168,54,0.32142857142857145,9.034793957752909
04 18:20:00,0.6046511627906976,129,57,0.4418604651162791,9.940176972189569
04 18:40:00,0.7070707070707071,99,27,0.2727272727272727,6.988702202853509
04 19:00:00,0.6576576576576577,111,36,0.32432432432432434,8.334389825190529
04 19:20:00,0.6842105263157895,95,26,0.2736842105263158,8.137068399928866
04 19:40:00,0.6265060240963856,83,26,0.3132530120481928,9.418846344758595
04 20:00:00,0.6585365853658537,82,10,0.12195121951219512,5.760086743150438
04 20:20:00,0.74,50,9,0.18,10.01286664644877
04 20:40:00,0.6938775510204082,49,13,0.2653061224489796,7.654304237206777
05 08:00:00,0.7941176470588235,34,9,0.2647058823529412,8.883038032622563
05 08:20:00,0.7906976744186046,43,17,0.3953488372093023,10.65620746421814
05 08:40:00,0.8333333333333334,60,14,0.23333333333333334,8.520748662471771
05 09:00:00,0.8111111111111111,90,15,0.16666666666666666,7.3899325914872
05 09:20:00,0.8113207547169812,106,17,0.16037735849056603,6.523449679827079
05 09:40:00,0.7075471698113207,106,34,0.32075471698113206,9.76323710108361
05 10:00:00,0.7054794520547946,146,58,0.3972602739726027,10.021798354410121
05 10:20:00,0.5078534031413613,191,86,0.450261780104712,10.370626443227133
05 10:40:00,0.5369458128078818,203,111,0.5467980295566502,10.671561001894766
05 11:00:00,0.555045871559633,218,99,0.4541284403669725,9.746325648112782
05 11:20:00,0.5581395348837209,172,88,0.5116279069767442,9.814809482287817
05 11:40:00,0.7,130,52,0.4,8.313945133250858
05 12:00:00,0.72,100,28,0.28,8.52572444068061
05 12:20:00,0.85,60,9,0.15,7.512159612095147
05 12:40:00,0.8805970149253731,67,12,0.1791044776119403,6.411747659517057
05 13:00:00,0.9117647058823529,68,7,0.10294117647058823,5.958166995048523
05 13:20:00,0.8524590163934426,61,6,0.09836065573770492,5.8137134651343025
05 13:40:00,0.7888888888888889,90,19,0.2111111111111111,7.240861572159661
05 14:00:00,0.8020833333333334,96,17,0.17708333333333334,7.515082974320366
05 14:20:00,0.7615384615384615,130,40,0.3076923076923077,8.065127704571456
05 14:40:00,0.7212121212121212,165,54,0.32727272727272727,8.803448716281116
05 15:00:00,0.6564102564102564,195,85,0.4358974358974359,8.806476631829904
05 15:20:00,0.7006369426751592,157,61,0.3885350318471338,8.468557114863314
05 15:40:00,0.6363636363636364,198,61,0.30808080808080807,8.86998178670609
05 16:00:00,0.821656050955414,157,53,0.3375796178343949,8.587394938315732
05 16:20:00,0.8559322033898306,118,19,0.16101694915254236,5.269658185742426
05 16:40:00,0.9263157894736842,95,8,0.08421052631578947,5.695624040929895
05 17:00:00,0.9620253164556962,79,2,0.02531645569620253,4.387253714799881
05 17:20:00,0.8840579710144928,138,15,0.10869565217391304,6.8701868831543695
05 17:40:00,0.7428571428571429,140,38,0.2714285714285714,9.083882737678032
05 18:00:00,0.6853146853146853,143,47,0.32867132867132864,9.028738484905743
05 18:20:00,0.6544117647058824,136,52,0.38235294117647056,9.341301101896498
05 18:40:00,0.6111111111111112,126,57,0.4523809523809524,8.95261764236525
05 19:00:00,0.7272727272727273,132,43,0.32575757575757575,7.051302305102851
05 19:20:00,0.7254901960784313,102,27,0.2647058823529412,9.720990526121716
05 19:40:00,0.8352941176470589,85,19,0.2235294117647059,6.573034434168188
05 20:00:00,0.8,65,13,0.2,9.346826627940844
05 20:20:00,0.7647058823529411,51,5,0.09803921568627451,8.71341821461013
05 20:40:00,0.825,40,6,0.15,9.629363686950118
06 08:00:00,0.8421052631578947,19,6,0.3157894736842105,9.424920583654334
06 08:20:00,0.8648648648648649,37,7,0.1891891891891892,7.118539770138569
06 08:40:00,0.8571428571428571,56,9,0.16071428571428573,7.315040819155865
06 09:00:00,0.8765432098765432,81,15,0.18518518518518517,6.953934885543069
06 09:20:00,0.8773584905660378,106,23,0.2169811320754717,6.501712003244576
06 09:40:00,0.8727272727272727,110,22,0.2,6.624247711478618
06 10:00:00,0.8394160583941606,137,27,0.19708029197080293,7.172100816002
06 10:20:00,0.7814569536423841,151,36,0.23841059602649006,6.7788069777466635
06 10:40:00,0.7976878612716763,173,43,0.24855491329479767,7.878725074031801
06 11:00:00,0.7621951219512195,164,52,0.3170731707317073,7.172670104149459
06 11:20:00,0.7581699346405228,153,48,0.3137254901960784,8.169364132369616
06 11:40:00,0.7807017543859649,114,23,0.20175438596491227,6.0245152164073215
06 12:00:00,0.8604651162790697,86,13,0.1511627906976744,5.635935565456748
06 12:20:00,0.8873239436619719,71,7,0.09859154929577464,8.663884378804102
06 12:40:00,0.8970588235294118,68,5,0.07352941176470588,6.564996549105033
06 13:00:00,0.9298245614035088,57,6,0.10526315789473684,6.708642070492108
06 13:20:00,0.8842105263157894,95,17,0.17894736842105263,9.477186151203655
06 13:40:00,0.8214285714285714,84,17,0.20238095238095238,8.977759900547209
06 14:00:00,0.907563025210084,119,17,0.14285714285714285,7.774306406256973
06 14:20:00,0.9043478260869565,115,16,0.1391304347826087,6.178937955906517
06 14:40:00,0.9057971014492754,138,17,0.12318840579710146,5.6009128906705365
06 15:00:00,0.8289473684210527,152,22,0.14473684210526316,6.239950249210382
06 15:20:00,0.7383720930232558,172,57,0.3313953488372093,10.817906234177148
06 15:40:00,0.5087719298245614,114,54,0.47368421052631576,10.58558294467437
06 16:00:00,0.5333333333333333,90,53,0.5888888888888889,11.074777832837173
06 16:20:00,0.8125,48,24,0.5,10.011685908114773
06 16:40:00,0.8571428571428571,49,11,0.22448979591836735,9.763832295735677
06 17:00:00,0.693069306930693,101,36,0.3564356435643564,10.072393598318099
06 17:20:00,0.3793103448275862,145,70,0.4827586206896552,11.133601484298707
06 17:40:00,0.34782608695652173,138,91,0.6594202898550725,11.984928101210054
06 18:00:00,0.36075949367088606,158,105,0.6645569620253164,12.403530501580054
06 18:20:00,0.3067484662576687,163,95,0.5828220858895705,11.681073648841293
06 18:40:00,0.5294117647058824,153,80,0.5228758169934641,10.713372525331135
06 19:00:00,0.35555555555555557,135,71,0.5259259259259259,11.707833053151766
06 19:20:00,0.37623762376237624,101,56,0.5544554455445545,12.647107181038175
06 19:40:00,0.5,98,46,0.46938775510204084,11.400201175137171
06 20:00:00,0.47058823529411764,68,29,0.4264705882352941,12.425127482937093
06 20:20:00,0.5671641791044776,67,27,0.40298507462686567,9.509270335869356
06 20:40:00,0.6521739130434783,46,15,0.32608695652173914,9.14303392012914
07 08:00:00,0.4838709677419355,31,14,0.45161290322580644,9.588631692438414
07 08:20:00,0.5957446808510638,47,26,0.5531914893617021,10.922292087415252
07 08:40:00,0.7368421052631579,57,22,0.38596491228070173,9.523585297728097
07 09:00:00,0.8448275862068966,58,22,0.3793103448275862,9.71825085234368
07 09:20:00,0.7448979591836735,98,29,0.29591836734693877,7.516611500431156
07 09:40:00,0.7246376811594203,138,43,0.3115942028985507,7.790965202450752
07 10:00:00,0.7967479674796748,123,36,0.2926829268292683,7.171482607592707
07 10:20:00,0.7723577235772358,123,36,0.2926829268292683,6.721836922413264
07 10:40:00,0.7573529411764706,136,47,0.34558823529411764,10.214912164448505
07 11:00:00,0.8307692307692308,130,38,0.2923076923076923,7.304435121436272
07 11:20:00,0.7323943661971831,142,54,0.38028169014084506,8.040522089465655
07 11:40:00,0.7317073170731707,123,48,0.3902439024390244,9.043635670903704
07 12:00:00,0.8115942028985508,69,15,0.21739130434782608,7.867151319980621
07 12:20:00,0.7922077922077922,77,11,0.14285714285714285,7.431022823708398
07 12:40:00,0.9036144578313253,83,7,0.08433734939759036,6.200141611466041
07 13:00:00,0.9204545454545454,88,4,0.045454545454545456,4.939586764421219
07 13:20:00,0.971830985915493,71,6,0.08450704225352113,7.358582719167074
07 13:40:00,0.9107142857142857,112,11,0.09821428571428571,7.323018177681499
07 14:00:00,0.8974358974358975,117,11,0.09401709401709402,7.359654720969822
07 14:20:00,0.903448275862069,145,16,0.1103448275862069,6.4267157515964
07 14:40:00,0.8325581395348837,215,41,0.19069767441860466,7.657245656658732
07 15:00:00,0.8704663212435233,193,36,0.18652849740932642,6.910301389610558
07 15:20:00,0.9190751445086706,173,29,0.1676300578034682,7.075181286171
07 15:40:00,0.9290322580645162,155,20,0.12903225806451613,6.5899114961877014
07 16:00:00,0.8033707865168539,178,25,0.1404494382022472,5.94813941306538
07 16:20:00,0.8571428571428571,119,17,0.14285714285714285,6.225363479001181
07 16:40:00,0.9298245614035088,114,10,0.08771929824561403,5.749249700864156
07 17:00:00,0.8392857142857143,112,13,0.11607142857142858,6.213410581055508
07 17:20:00,0.8608695652173913,115,12,0.10434782608695652,7.065288593239255
07 17:40:00,0.8514851485148515,101,25,0.24752475247524752,7.376445358630383
07 18:00:00,0.9213483146067416,89,6,0.06741573033707865,7.4081888693074385
07 18:20:00,0.9130434782608695,92,5,0.05434782608695652,5.803371560573578
07 18:40:00,0.8681318681318682,91,5,0.054945054945054944,5.603055425484976
07 19:00:00,0.9821428571428571,56,4,0.07142857142857142,6.190642385129576
07 19:20:00,0.7966101694915254,59,7,0.11864406779661017,8.542455498377482
07 19:40:00,0.8571428571428571,49,5,0.10204081632653061,5.342299428047278
07 20:00:00,0.9347826086956522,46,4,0.08695652173913043,6.45644177090038
07 20:20:00,0.825,40,7,0.175,9.566373116572697
07 20:40:00,0.6428571428571429,28,4,0.14285714285714285,6.287903602586852
08 08:00:00,0.8181818181818182,22,4,0.18181818181818182,8.137207613672528
08 08:20:00,0.9736842105263158,38,2,0.05263157894736842,4.855886146757338
08 08:40:00,0.9705882352941176,34,5,0.14705882352941177,4.926840095608323
08 09:00:00,0.8985507246376812,69,5,0.07246376811594203,8.928597372770309
08 09:20:00,0.9506172839506173,81,2,0.024691358024691357,6.074417854150137
08 09:40:00,0.8738738738738738,111,18,0.16216216216216217,6.4114789887837
08 10:00:00,0.9081632653061225,98,10,0.10204081632653061,5.575804196406102
08 10:20:00,0.9473684210526315,152,7,0.046052631578947366,5.921904353698094
08 10:40:00,0.8802816901408451,142,21,0.14788732394366197,5.445433500935049
08 11:00:00,0.8111888111888111,143,20,0.13986013986013987,5.39392535785834
08 11:20:00,0.9072847682119205,151,28,0.18543046357615894,6.621410482168198
08 11:40:00,0.8529411764705882,102,17,0.16666666666666666,6.272144104980287
08 12:00:00,0.875,96,13,0.13541666666666666,5.888901539095516
08 12:20:00,0.9166666666666666,72,7,0.09722222222222222,6.590135804200783
08 12:40:00,0.875,80,7,0.0875,5.077438129129864
08 13:00:00,0.875,80,7,0.0875,4.881211580832799
08 13:20:00,0.875,88,12,0.13636363636363635,5.328673726924952
08 13:40:00,0.8652482269503546,141,17,0.12056737588652482,5.65759705660636
08 14:00:00,0.864406779661017,177,21,0.11864406779661017,5.682118856140048
08 14:20:00,0.8820224719101124,178,24,0.1348314606741573,5.271176735125482
08 14:40:00,0.8769230769230769,195,31,0.15897435897435896,6.160589484224717
08 15:00:00,0.8348623853211009,218,40,0.1834862385321101,6.023360838920255
08 15:20:00,0.9285714285714286,182,26,0.14285714285714285,5.484328335704225
08 15:40:00,0.9467455621301775,169,22,0.1301775147928994,7.255413777960671
08 16:00:00,0.8685446009389671,213,59,0.27699530516431925,7.429627435635298
08 16:20:00,0.7901234567901234,162,42,0.25925925925925924,7.237357539832591
08 16:40:00,0.8193548387096774,155,48,0.3096774193548387,8.508511257502768
08 17:00:00,0.8031496062992126,127,30,0.23622047244094488,7.853059402906179
08 17:20:00,0.9014084507042254,142,38,0.2676056338028169,7.534793978685524
08 17:40:00,0.7741935483870968,124,18,0.14516129032258066,6.408206801462655
08 18:00:00,0.8079470198675497,151,28,0.18543046357615894,7.019875246697459
08 18:20:00,0.8373983739837398,123,19,0.15447154471544716,6.291062605664844
08 18:40:00,0.8661417322834646,127,28,0.2204724409448819,6.867419569108678
08 19:00:00,0.8,125,29,0.232,6.583503733002222
08 19:20:00,0.8125,96,19,0.19791666666666666,6.654081132436039
08 19:40:00,0.7547169811320755,106,24,0.22641509433962265,7.231475378076236
08 20:00:00,0.6923076923076923,91,32,0.3516483516483517,7.840969356654704
08 20:20:00,0.7391304347826086,69,26,0.37681159420289856,8.863082582988435
08 20:40:00,0.71875,64,17,0.265625,8.67349076412973
09 08:00:00,0.9428571428571428,35,8,0.22857142857142856,6.92711990541882
09 08:20:00,0.9375,32,5,0.15625,6.655597644382053
09 08:40:00,0.9180327868852459,61,2,0.03278688524590164,3.980257308483124
09 09:00:00,0.9473684210526315,76,3,0.039473684210526314,7.932740940366473
09 09:20:00,0.9285714285714286,98,4,0.04081632653061224,7.820325260692172
09 09:40:00,0.9787234042553191,94,4,0.0425531914893617,5.644912765270624
09 10:00:00,0.9351851851851852,108,2,0.018518518518518517,4.3061905395984645
09 10:20:00,0.954954954954955,111,6,0.05405405405405406,5.043939412267585
09 10:40:00,0.8987341772151899,158,15,0.0949367088607595,6.212904188897875
09 11:00:00,0.8896551724137931,145,13,0.0896551724137931,5.261546696751725
09 11:20:00,0.926829268292683,123,5,0.04065040650406504,4.274935468728992
09 11:40:00,0.8974358974358975,117,14,0.11965811965811966,7.653919058612415
09 12:00:00,0.922077922077922,77,2,0.025974025974025976,6.981583191099621
09 12:20:00,0.925,80,4,0.05,5.507093270314045
09 12:40:00,0.9259259259259259,81,6,0.07407407407407407,5.246170457488015
09 13:00:00,0.875,80,3,0.0375,5.114759179751078
09 13:20:00,0.8715596330275229,109,21,0.1926605504587156,8.236053851517763
09 13:40:00,0.8478260869565217,138,18,0.13043478260869565,7.001434874534607
09 14:00:00,0.8873239436619719,142,15,0.1056338028169014,5.512063100568036
09 14:20:00,0.7926829268292683,164,36,0.21951219512195122,6.1464208328781496
09 14:40:00,0.8045977011494253,174,36,0.20689655172413793,7.197039498554336
09 15:00:00,0.7877094972067039,179,27,0.15083798882681565,6.692496803211189
09 15:20:00,0.8031088082901554,193,57,0.29533678756476683,9.010068320854037
09 15:40:00,0.8895027624309392,181,32,0.17679558011049723,6.655166803730859
09 16:00:00,0.8795180722891566,166,23,0.13855421686746988,6.518051411575741
09 16:20:00,0.8903225806451613,155,25,0.16129032258064516,6.515609502143601
09 16:40:00,0.9007633587786259,131,15,0.11450381679389313,8.985378298441569
09 17:00:00,0.9658119658119658,117,10,0.08547008547008547,7.779654259593398
09 17:20:00,0.9528301886792453,106,7,0.0660377358490566,4.789028081417084
09 17:40:00,0.9411764705882353,102,8,0.0784313725490196,5.8560854837298395
09 18:00:00,0.8909090909090909,110,16,0.14545454545454545,6.289222836614859
09 18:20:00,0.8584070796460177,113,18,0.1592920353982301,6.3640874698758125
09 18:40:00,0.84375,96,11,0.11458333333333333,6.48554520559311
09 19:00:00,0.8160919540229885,87,8,0.09195402298850575,5.796589185794194
09 19:20:00,0.8395061728395061,81,9,0.1111111111111111,6.817094370451841
09 19:40:00,0.9459459459459459,74,4,0.05405405405405406,5.267504514115197
09 20:00:00,0.8636363636363636,66,9,0.13636363636363635,8.260686763922374
09 20:20:00,0.8103448275862069,58,3,0.05172413793103448,5.035135223620977
09 20:40:00,0.8888888888888888,45,6,0.13333333333333333,7.390096783354169
10 08:00:00,0.8125,16,4,0.25,10.159910092088912
10 08:20:00,0.9444444444444444,36,4,0.1111111111111111,6.671208641074953
10 08:40:00,0.8620689655172413,58,10,0.1724137931034483,6.487465946762651
10 09:00:00,0.8571428571428571,49,6,0.12244897959183673,7.104182292114604
10 09:20:00,0.8227848101265823,79,5,0.06329113924050633,10.018066948652267
10 09:40:00,0.925,80,11,0.1375,6.51634390839824
10 10:00:00,0.8571428571428571,105,9,0.08571428571428572,7.586390830550277
10 10:20:00,0.8951612903225806,124,14,0.11290322580645161,5.752892510828219
10 10:40:00,0.8396946564885496,131,18,0.13740458015267176,7.059511805621404
10 11:00:00,0.773109243697479,119,31,0.2605042016806723,7.6548173805500594
10 11:20:00,0.9326923076923077,104,9,0.08653846153846154,4.704751538857818
10 11:40:00,0.9340659340659341,91,4,0.04395604395604396,4.652266930474175
10 12:00:00,0.868421052631579,76,5,0.06578947368421052,5.4213932420526225
10 12:20:00,0.8529411764705882,68,9,0.1323529411764706,6.3934239767215875
10 12:40:00,0.9014084507042254,71,11,0.15492957746478872,7.517516043139439
10 13:00:00,0.8985507246376812,69,5,0.07246376811594203,6.405741587139311
10 13:20:00,0.9047619047619048,63,9,0.14285714285714285,6.908482896884283
10 13:40:00,0.9090909090909091,77,10,0.12987012987012986,7.219699560550222
10 14:00:00,0.8076923076923077,104,17,0.16346153846153846,6.3435925271775995
10 14:20:00,0.8791208791208791,91,22,0.24175824175824176,7.8357588660149355
10 14:40:00,0.8681318681318682,91,7,0.07692307692307693,5.186525342956421
10 15:00:00,0.9158878504672897,107,4,0.037383177570093455,4.283586484193802
10 15:20:00,0.9506172839506173,81,2,0.024691358024691357,3.6964383562405905
10 15:40:00,0.979381443298969,97,0,0.0,3.5614628330866496
10 16:00:00,0.9368421052631579,95,6,0.06315789473684211,5.362609930833181
10 16:20:00,0.9411764705882353,68,2,0.029411764705882353,6.285779906643762
10 16:40:00,0.9382716049382716,81,4,0.04938271604938271,9.45914490779241
10 17:00:00,0.9479166666666666,96,11,0.11458333333333333,7.478043851366749
10 17:20:00,0.883495145631068,103,13,0.1262135922330097,6.076500475680691
10 17:40:00,0.8349514563106796,103,17,0.1650485436893204,7.007296075820922
10 18:00:00,0.8068181818181818,88,13,0.14772727272727273,7.1531007523720085
10 18:20:00,0.75,92,16,0.17391304347826086,6.15727761147315
10 18:40:00,0.8536585365853658,82,15,0.18292682926829268,6.425986517851169
10 19:00:00,0.9090909090909091,66,11,0.16666666666666666,6.152747253396295
10 19:20:00,0.8360655737704918,61,4,0.06557377049180328,6.099061007210703
10 19:40:00,0.9166666666666666,36,4,0.1111111111111111,7.330631883497591
10 20:00:00,0.875,24,3,0.125,15.648061354955038
10 20:20:00,0.8863636363636364,44,5,0.11363636363636363,8.662993925589102
10 20:40:00,0.84,25,6,0.24,9.938971483707428
11 08:00:00,0.9230769230769231,13,1,0.07692307692307693,9.050151181221008
11 08:20:00,0.9473684210526315,19,0,0.0,2.7460147023200987
11 08:40:00,0.9230769230769231,26,3,0.11538461538461539,13.88836122949918
11 09:00:00,0.9333333333333333,45,2,0.044444444444444446,4.202457452615103
11 09:20:00,1.0,36,1,0.027777777777777776,4.196334807078044
11 09:40:00,0.9333333333333333,60,3,0.05,6.601437750316801
11 10:00:00,0.926829268292683,82,6,0.07317073170731707,7.162201309645618
11 10:20:00,0.927536231884058,69,1,0.014492753623188406,5.121335538669869
11 10:40:00,0.925,80,9,0.1125,8.115067075514325
11 11:00:00,0.8738738738738738,111,15,0.13513513513513514,6.610036064121458
11 11:20:00,0.8260869565217391,92,18,0.1956521739130435,5.811607756759182
11 11:40:00,0.8148148148148148,81,14,0.1728395061728395,6.559685164882291
11 12:00:00,0.7763157894736842,76,17,0.2236842105263158,6.5214455702283365
11 12:20:00,0.9090909090909091,55,14,0.2545454545454545,7.045095386770037
11 12:40:00,0.8928571428571429,56,7,0.125,5.472266936832004
11 13:00:00,0.8809523809523809,42,1,0.023809523809523808,4.104946871030898
11 13:20:00,0.9615384615384616,52,4,0.07692307692307693,10.360408849848643
11 13:40:00,0.9574468085106383,47,1,0.02127659574468085,5.523913550376892
11 14:00:00,0.7894736842105263,76,12,0.15789473684210525,8.817510633832878
11 14:20:00,0.7049180327868853,61,10,0.16393442622950818,8.762948569986555
11 14:40:00,0.8545454545454545,55,13,0.23636363636363636,7.0299819423092735
11 15:00:00,0.8709677419354839,62,9,0.14516129032258066,6.7778471326828
11 15:20:00,0.8125,64,12,0.1875,11.056673905849458
11 15:40:00,0.8472222222222222,72,9,0.125,7.116728854388522
11 16:00:00,0.8888888888888888,90,10,0.1111111111111111,7.437212524725043
11 16:20:00,0.9054054054054054,74,10,0.13513513513513514,6.964941785913525
11 16:40:00,0.9130434782608695,92,7,0.07608695652173914,5.910043354361664
11 17:00:00,0.7875,80,17,0.2125,7.3326278720778975
11 17:20:00,0.864406779661017,59,7,0.11864406779661017,7.110124634168087
11 17:40:00,0.8292682926829268,82,6,0.07317073170731707,5.485407956207499
11 18:00:00,0.8461538461538461,65,4,0.06153846153846154,4.494382967902165
11 18:20:00,0.9705882352941176,68,3,0.04411764705882353,8.946923466523488
11 18:40:00,0.8793103448275862,58,8,0.13793103448275862,7.86859191866482
11 19:00:00,0.9090909090909091,55,7,0.12727272727272726,7.512572522626983
11 19:20:00,0.9487179487179487,39,2,0.05128205128205128,4.385051780655271
11 19:40:00,0.9285714285714286,42,2,0.047619047619047616,7.423181934356689
11 20:00:00,0.8867924528301887,53,11,0.20754716981132076,7.961743011600093
11 20:20:00,0.875,32,7,0.21875,6.046108287753481
11 20:40:00,0.9411764705882353,17,2,0.11764705882352941,8.591006704171498
12 08:00:00,0.9166666666666666,24,1,0.041666666666666664,6.073375874757767
12 08:20:00,0.967741935483871,31,2,0.06451612903225806,4.560391374429067
12 08:40:00,0.868421052631579,38,6,0.15789473684210525,6.621999128262202
12 09:00:00,0.9444444444444444,54,4,0.07407407407407407,5.443114357335228
12 09:20:00,0.9210526315789473,76,6,0.07894736842105263,6.105033349107813
12 09:40:00,0.9493670886075949,79,2,0.02531645569620253,5.648311844893865
12 10:00:00,0.9,130,18,0.13846153846153847,8.78185403684173
12 10:20:00,0.9333333333333333,105,4,0.0380952380952381,4.173093880751194
12 10:40:00,0.8907563025210085,119,9,0.07563025210084033,5.4377902731483365
12 11:00:00,0.7012987012987013,154,48,0.3116883116883117,8.135506006900002
12 11:20:00,0.7522123893805309,113,25,0.22123893805309736,6.070884714294703
12 11:40:00,0.8645833333333334,96,20,0.20833333333333334,5.982118870975735
12 12:00:00,0.8235294117647058,85,11,0.12941176470588237,6.336746489405631
12 12:20:00,0.9482758620689655,58,3,0.05172413793103448,6.306521468361219
12 12:40:00,0.9259259259259259,54,3,0.05555555555555555,5.263576236565908
12 13:00:00,0.8857142857142857,70,12,0.17142857142857143,9.340304082736633
12 13:20:00,0.8529411764705882,68,8,0.11764705882352941,5.080098371467893
12 13:40:00,0.8571428571428571,77,15,0.19480519480519481,6.411514897552538
12 14:00:00,0.7636363636363637,110,26,0.23636363636363636,7.611561337564931
12 14:20:00,0.8489208633093526,139,23,0.16546762589928057,6.459050800440447
12 14:40:00,0.8309859154929577,142,28,0.19718309859154928,6.325397653170307
12 15:00:00,0.8378378378378378,148,23,0.1554054054054054,6.118308732166789
12 15:20:00,0.82,150,32,0.21333333333333335,8.438016679286957
12 15:40:00,0.916030534351145,131,14,0.10687022900763359,5.748044053231827
12 16:00:00,0.9516129032258065,124,9,0.07258064516129033,5.431392050134963
12 16:20:00,0.941747572815534,103,7,0.06796116504854369,5.945522253778246
12 16:40:00,0.9591836734693877,98,4,0.04081632653061224,4.629050081204145
12 17:00:00,0.9577464788732394,71,3,0.04225352112676056,4.782524453401566
12 17:20:00,0.8977272727272727,88,4,0.045454545454545456,4.452007592425627
12 17:40:00,0.8857142857142857,70,5,0.07142857142857142,5.202600328624248
12 18:00:00,0.9076923076923077,65,5,0.07692307692307693,5.491510371764501
12 18:20:00,0.922077922077922,77,6,0.07792207792207792,7.26069542994866
12 18:40:00,0.8648648648648649,74,6,0.08108108108108109,4.528515333157999
12 19:00:00,0.859375,64,4,0.0625,7.732068080813796
12 19:20:00,0.9333333333333333,60,5,0.08333333333333333,9.690796450206212
12 19:40:00,0.9818181818181818,55,3,0.05454545454545454,7.476954042249256
12 20:00:00,0.9736842105263158,38,2,0.05263157894736842,7.4733306676149365
12 20:20:00,0.9523809523809523,21,2,0.09523809523809523,11.238748957713446
12 20:40:00,0.8620689655172413,29,5,0.1724137931034483,5.688201046784719
13 08:00:00,0.5714285714285714,7,4,0.5714285714285714,19.256941430767377
13 08:20:00,0.5714285714285714,21,10,0.47619047619047616,8.226866788436205
13 08:40:00,0.7142857142857143,14,7,0.5,8.763888708027928
13 09:00:00,0.8695652173913043,23,7,0.30434782608695654,7.2785695858796435
13 09:20:00,0.8541666666666666,48,3,0.0625,4.683729358911514
13 09:40:00,0.8888888888888888,63,7,0.1111111111111111,5.625259780635436
13 10:00:00,0.8481012658227848,79,9,0.11392405063291139,7.274016551673412
13 10:20:00,0.7669902912621359,103,27,0.2621359223300971,7.650019721543347
13 10:40:00,0.6204379562043796,137,44,0.32116788321167883,8.61233483547336
13 11:00:00,0.676056338028169,142,49,0.34507042253521125,7.929510649524061
13 11:20:00,0.8504672897196262,107,38,0.35514018691588783,7.103891245648265
13 11:40:00,0.8170731707317073,82,10,0.12195121951219512,4.621686506753016
13 12:00:00,0.8846153846153846,78,7,0.08974358974358974,6.4964923496047655
13 12:20:00,0.8428571428571429,70,7,0.1,7.20030476324486
13 12:40:00,0.896551724137931,58,5,0.08620689655172414,5.759653597672781
13 13:00:00,0.9761904761904762,42,0,0.0,
13 13:20:00,0.9420289855072463,69,3,0.043478260869565216,5.437799900107914
13 13:40:00,0.8727272727272727,110,12,0.10909090909090909,6.884954038778941
13 14:00:00,0.9313725490196079,102,6,0.058823529411764705,4.648601365811897
13 14:20:00,0.8938053097345132,113,9,0.07964601769911504,5.3526301561257785
13 14:40:00,0.9279279279279279,111,4,0.036036036036036036,4.20396843974789
13 15:00:00,0.9236111111111112,144,8,0.05555555555555555,5.165289016046386
13 15:20:00,0.9557522123893806,113,14,0.12389380530973451,7.35615140888426
13 15:40:00,0.9391304347826087,115,7,0.06086956521739131,5.746679586668809
13 16:00:00,0.9423076923076923,104,5,0.04807692307692308,6.571014632239486
13 16:20:00,0.9428571428571428,105,5,0.047619047619047616,8.179934748736295
13 16:40:00,0.9090909090909091,99,12,0.12121212121212122,6.157983383178712
13 17:00:00,0.9270833333333334,96,5,0.052083333333333336,5.28468872529489
13 17:20:00,0.9550561797752809,89,8,0.0898876404494382,4.7949028976379875
13 17:40:00,0.8918918918918919,74,5,0.06756756756756757,5.585939310391743
13 18:00:00,0.898876404494382,89,13,0.14606741573033707,8.58941260834535
13 18:20:00,0.8513513513513513,74,6,0.08108108108108109,6.57172961446974
13 18:40:00,0.8904109589041096,73,5,0.0684931506849315,4.583119277380131
13 19:00:00,0.8472222222222222,72,5,0.06944444444444445,5.122742000023524
13 19:20:00,0.9305555555555556,72,9,0.125,5.30598015351729
13 19:40:00,0.8378378378378378,74,10,0.13513513513513514,6.534264733213367
13 20:00:00,0.8571428571428571,56,8,0.14285714285714285,7.3954077382882435
13 20:20:00,0.9428571428571428,35,4,0.11428571428571428,6.8196951056520145
13 20:40:00,0.875,40,6,0.15,8.899324838761931
14 08:00:00,0.9047619047619048,21,3,0.14285714285714285,4.414601888543084
14 08:20:00,0.9166666666666666,24,1,0.041666666666666664,4.172069417105781
14 08:40:00,0.9545454545454546,44,1,0.022727272727272728,5.384371402528552
14 09:00:00,0.9824561403508771,57,2,0.03508771929824561,6.732511319716772
14 09:20:00,0.9431818181818182,88,8,0.09090909090909091,9.852933926383654
14 09:40:00,0.898989898989899,99,8,0.08080808080808081,6.635993716997259
14 10:00:00,0.9101123595505618,89,6,0.06741573033707865,4.4077571653184435
14 10:20:00,0.9381443298969072,97,5,0.05154639175257732,6.249794714848201
14 10:40:00,0.9172932330827067,133,11,0.08270676691729323,5.901528536755106
14 11:00:00,0.8823529411764706,153,17,0.1111111111111111,6.345837484669482
14 11:20:00,0.856,125,19,0.152,7.424384090670368
14 11:40:00,0.8760330578512396,121,5,0.04132231404958678,4.436469550774648
14 12:00:00,0.9113924050632911,79,2,0.02531645569620253,4.19433810280429
14 12:20:00,0.948051948051948,77,7,0.09090909090909091,7.452108943746203
14 12:40:00,0.9180327868852459,61,1,0.01639344262295082,3.47363836367925
14 13:00:00,0.9611650485436893,103,3,0.02912621359223301,5.068771590789159
14 13:20:00,0.8522727272727273,88,13,0.14772727272727273,11.2414921152095
14 13:40:00,0.8936170212765957,94,21,0.22340425531914893,8.613153328678825
14 14:00:00,0.8549618320610687,131,28,0.21374045801526717,7.340052028423474
14 14:20:00,0.8642857142857143,140,18,0.12857142857142856,6.179303716113733
14 14:40:00,0.8707482993197279,147,24,0.16326530612244897,7.340094721565644
14 15:00:00,0.874251497005988,167,20,0.11976047904191617,5.894579337377968
14 15:20:00,0.8271604938271605,162,25,0.15432098765432098,7.816308201707544
14 15:40:00,0.9115646258503401,147,28,0.19047619047619047,6.644433292994896
14 16:00:00,0.8811188811188811,143,14,0.0979020979020979,6.083922982430673
14 16:20:00,0.917910447761194,134,11,0.08208955223880597,6.951104985839791
14 16:40:00,0.8947368421052632,114,11,0.09649122807017543,6.487216143522944
14 17:00:00,0.9117647058823529,102,6,0.058823529411764705,5.187316488368171
14 17:20:00,0.9111111111111111,90,9,0.1,6.81960020882112
14 17:40:00,0.9010989010989011,91,8,0.08791208791208792,5.482642896760974
14 18:00:00,0.8762886597938144,97,5,0.05154639175257732,4.491836401930561
14 18:20:00,0.927710843373494,83,7,0.08433734939759036,5.421620625654856
14 18:40:00,0.921875,64,6,0.09375,8.302363916679665
14 19:00:00,0.8913043478260869,92,7,0.07608695652173914,6.590508329256987
14 19:20:00,0.9066666666666666,75,11,0.14666666666666667,8.870429776774511
14 19:40:00,0.8648648648648649,74,13,0.17567567567567569,7.523181590874989
14 20:00:00,0.71875,64,7,0.109375,5.664724638537755
14 20:20:00,0.8444444444444444,45,7,0.15555555555555556,8.143295818898412
14 20:40:00,0.8333333333333334,36,7,0.19444444444444445,8.907889364825355
15 08:00:00,0.85,20,0,0.0,3.4138884835773045
15 08:20:00,0.9705882352941176,34,3,0.08823529411764706,5.607322204113006
15 08:40:00,1.0,27,2,0.07407407407407407,12.018352190653482
15 09:00:00,0.94,50,1,0.02,4.724517792463303
15 09:20:00,0.9830508474576272,59,1,0.01694915254237288,8.357396225134531
15 09:40:00,0.9722222222222222,108,1,0.009259259259259259,3.535229249133004
15 10:00:00,0.9736842105263158,114,2,0.017543859649122806,3.9080782460231407
15 10:20:00,0.8762886597938144,97,6,0.061855670103092786,3.799832548336549
15 10:40:00,0.9537037037037037,108,6,0.05555555555555555,4.830776308112674
15 11:00:00,0.9047619047619048,126,9,0.07142857142857142,6.181891595560407
15 11:20:00,0.8761061946902655,113,7,0.061946902654867256,8.00774046604832
15 11:40:00,0.8879310344827587,116,8,0.06896551724137931,6.505225931604703
15 12:00:00,0.9634146341463414,82,1,0.012195121951219513,3.3436977058649062
15 12:20:00,0.9,70,3,0.04285714285714286,7.677864996592204
15 12:40:00,0.96,75,4,0.05333333333333334,8.048405579725902
15 13:00:00,0.96875,64,5,0.078125,5.26561621597835
15 13:20:00,0.9285714285714286,112,5,0.044642857142857144,4.403325467904409
15 13:40:00,0.9083969465648855,131,18,0.13740458015267176,6.404160663170543
15 14:00:00,0.9027777777777778,144,15,0.10416666666666667,6.084409414762738
15 14:20:00,0.8666666666666667,150,21,0.14,5.7806276165582
15 14:40:00,0.8787878787878788,165,28,0.1696969696969697,7.62559104250662
15 15:00:00,0.847457627118644,177,39,0.22033898305084745,7.204928273255708
15 15:20:00,0.863013698630137,146,21,0.14383561643835616,6.850968335326921
15 15:40:00,0.9172413793103448,145,20,0.13793103448275862,7.166692760294558
15 16:00:00,0.9259259259259259,135,7,0.05185185185185185,6.1054573738385765
15 16:20:00,0.9385964912280702,114,6,0.05263157894736842,8.02916905823208
15 16:40:00,0.96,100,8,0.08,6.931911306670218
15 17:00:00,0.9024390243902439,123,5,0.04065040650406504,6.559211248617905
15 17:20:00,0.9504132231404959,121,7,0.05785123966942149,5.378616854217317
15 17:40:00,0.9130434782608695,92,7,0.07608695652173914,5.468585735017602
15 18:00:00,0.9081632653061225,98,11,0.11224489795918367,6.593496856921249
15 18:20:00,0.9019607843137255,102,14,0.13725490196078433,7.699383137280914
15 18:40:00,0.8367346938775511,98,13,0.1326530612244898,6.451501125759549
15 19:00:00,0.7887323943661971,71,13,0.18309859154929578,7.40391213175578
15 19:20:00,0.8831168831168831,77,13,0.16883116883116883,6.878198603427772
15 19:40:00,0.9066666666666666,75,11,0.14666666666666667,8.062255535000249
15 20:00:00,0.7903225806451613,62,11,0.1774193548387097,7.59398616194725
15 20:20:00,0.9016393442622951,61,8,0.13114754098360656,8.898453328609467
15 20:40:00,0.7346938775510204,49,18,0.3673469387755102,8.97812386120873
16 08:00:00,0.95,20,1,0.05,4.667759601275126
16 08:20:00,0.9210526315789473,38,2,0.05263157894736842,6.586585448185603
16 08:40:00,0.9245283018867925,53,2,0.03773584905660377,3.8892968694368997
16 09:00:00,0.9375,64,5,0.078125,5.9249386137440085
16 09:20:00,0.8787878787878788,99,9,0.09090909090909091,6.314110942681631
16 09:40:00,0.8461538461538461,104,11,0.10576923076923077,7.391047142560666
16 10:00:00,0.8796296296296297,108,13,0.12037037037037036,6.889097180274817
16 10:20:00,0.9,140,19,0.1357142857142857,7.550517393483056
16 10:40:00,0.8775510204081632,147,22,0.14965986394557823,8.385753138065338
16 11:00:00,0.8819444444444444,144,30,0.20833333333333334,7.232358965561503
16 11:20:00,0.8496732026143791,153,29,0.1895424836601307,6.935720597889463
16 11:40:00,0.7946428571428571,112,15,0.13392857142857142,5.988900331763534
16 12:00:00,0.9391304347826087,115,12,0.10434782608695652,6.622687624323936
16 12:20:00,0.9158878504672897,107,5,0.04672897196261682,5.680963506301244
16 12:40:00,0.9150943396226415,106,8,0.07547169811320754,6.939985954165459
16 13:00:00,0.9108910891089109,101,9,0.0891089108910891,5.914975113717336
16 13:20:00,0.8384615384615385,130,23,0.17692307692307693,7.620978940857781
16 13:40:00,0.8590604026845637,149,40,0.2684563758389262,8.437096153696379
16 14:00:00,0.7,190,67,0.3526315789473684,10.24076811507508
16 14:20:00,0.7865168539325843,178,56,0.3146067415730337,7.9761196229192945
16 14:40:00,0.78125,192,59,0.3072916666666667,8.808396830964595
16 15:00:00,0.7050691244239631,217,65,0.2995391705069124,8.592333416455034
16 15:20:00,0.8659217877094972,179,45,0.25139664804469275,8.385720094767484
16 15:40:00,0.8453038674033149,181,34,0.1878453038674033,7.591041443241177
16 16:00:00,0.8805970149253731,134,13,0.09701492537313433,5.051936808170057
16 16:20:00,0.9307692307692308,130,14,0.1076923076923077,6.469799850145976
16 16:40:00,0.8379888268156425,179,30,0.16759776536312848,7.267980328533384
16 17:00:00,0.8343949044585988,157,28,0.17834394904458598,6.244726246248478
16 17:20:00,0.8133333333333334,150,43,0.2866666666666667,9.067558436923557
16 17:40:00,0.7857142857142857,140,44,0.3142857142857143,8.800501156437631
16 18:00:00,0.7611940298507462,134,41,0.30597014925373134,9.207733483457826
16 18:20:00,0.7284768211920529,151,46,0.304635761589404,7.81507311920067
16 18:40:00,0.7480314960629921,127,32,0.25196850393700787,7.6499502622051
16 19:00:00,0.8431372549019608,102,17,0.16666666666666666,6.969714285532634
16 19:20:00,0.8367346938775511,98,16,0.16326530612244897,7.302166828337837
16 19:40:00,0.7884615384615384,104,21,0.20192307692307693,6.967043276796949
16 20:00:00,0.9130434782608695,46,8,0.17391304347826086,8.720954682098494
16 20:20:00,0.9259259259259259,54,5,0.09259259259259259,6.546726333483671
16 20:40:00,0.9473684210526315,38,7,0.18421052631578946,10.956041313100744
17 08:00:00,0.7142857142857143,14,2,0.14285714285714285,6.428621595435672
17 08:20:00,0.9615384615384616,26,1,0.038461538461538464,4.507088883717855
17 08:40:00,0.7,20,4,0.2,10.893942505783505
17 09:00:00,0.6296296296296297,54,17,0.3148148148148148,8.652863201432757
17 09:20:00,0.6625,80,34,0.425,8.208000383083371
17 09:40:00,0.8514851485148515,101,22,0.21782178217821782,8.28050846149524
17 10:00:00,0.8556701030927835,97,15,0.15463917525773196,5.555872529049714
17 10:20:00,0.8316831683168316,101,23,0.22772277227722773,6.556531642476718
17 10:40:00,0.9090909090909091,88,12,0.13636363636363635,6.123583235602449
17 11:00:00,0.88,100,14,0.14,5.495983088913785
17 11:20:00,0.9080459770114943,87,9,0.10344827586206896,6.622888440366776
17 11:40:00,0.8541666666666666,96,9,0.09375,5.5481116937266455
17 12:00:00,0.9066666666666666,75,2,0.02666666666666667,4.05452482153972
17 12:20:00,0.9821428571428571,56,2,0.03571428571428571,5.504120416111417
17 12:40:00,0.9772727272727273,44,1,0.022727272727272728,4.247785046696663
17 13:00:00,0.9210526315789473,38,1,0.02631578947368421,4.7064694156249365
17 13:20:00,0.9245283018867925,53,2,0.03773584905660377,8.551582091053326
17 13:40:00,0.8552631578947368,76,7,0.09210526315789473,5.3979292171342035
17 14:00:00,0.9230769230769231,91,10,0.10989010989010989,5.792913134296735
17 14:20:00,0.9195402298850575,87,6,0.06896551724137931,6.641378408273061
17 14:40:00,0.8809523809523809,84,2,0.023809523809523808,5.883275754451751
17 15:00:00,0.8958333333333334,96,3,0.03125,4.495934098958969
17 15:20:00,0.9361702127659575,94,3,0.031914893617021274,5.422702761093776
17 15:40:00,0.8977272727272727,88,6,0.06818181818181818,9.856211145718893
17 16:00:00,0.9368421052631579,95,6,0.06315789473684211,4.88157542069753
17 16:20:00,0.9,70,1,0.014285714285714285,4.057834024429321
17 16:40:00,0.92,75,0,0.0,2.2277161836624146
17 17:00:00,0.9,100,7,0.07,6.2599787228637265
17 17:20:00,0.881578947368421,76,5,0.06578947368421052,5.235190712150774
17 17:40:00,0.9324324324324325,74,8,0.10810810810810811,7.564401296029488
17 18:00:00,0.863013698630137,73,9,0.1232876712328767,5.948021571542702
17 18:20:00,0.8405797101449275,69,6,0.08695652173913043,6.156414609833768
17 18:40:00,0.8709677419354839,62,7,0.11290322580645161,6.674291924635569
17 19:00:00,0.7714285714285715,70,9,0.12857142857142856,6.156904052062468
17 19:20:00,0.8409090909090909,44,2,0.045454545454545456,3.9829319419684235
17 19:40:00,0.8235294117647058,51,10,0.19607843137254902,6.688103020733053
17 20:00:00,0.918918918918919,37,4,0.10810810810810811,5.504033121040889
17 20:20:00,1.0,29,1,0.034482758620689655,5.242255916860369
17 20:40:00,0.9375,16,1,0.0625,4.05407610601849
18 08:00:00,0.8571428571428571,7,1,0.14285714285714285,4.819472350676855
18 08:20:00,0.8947368421052632,19,2,0.10526315789473684,4.36759392619133
18 08:40:00,0.8928571428571429,28,1,0.03571428571428571,3.3051899298032126
18 09:00:00,0.9444444444444444,36,2,0.05555555555555555,4.290244124333063
18 09:20:00,0.8717948717948718,39,5,0.1282051282051282,7.094363319306146
18 09:40:00,0.9318181818181818,44,5,0.11363636363636363,5.6694538349906605
18 10:00:00,0.9242424242424242,66,11,0.16666666666666666,7.317221961941636
18 10:20:00,0.8461538461538461,52,6,0.11538461538461539,5.981585047421632
18 10:40:00,0.821917808219178,73,9,0.1232876712328767,5.5967348224322
18 11:00:00,0.7692307692307693,91,19,0.2087912087912088,7.59452265938123
18 11:20:00,0.6979166666666666,96,14,0.14583333333333334,6.124187658464208
18 11:40:00,0.7971014492753623,69,5,0.07246376811594203,4.280882216754713
18 12:00:00,0.9344262295081968,61,8,0.13114754098360656,6.823829887310664
18 12:20:00,0.92,50,2,0.04,4.429361356099447
18 12:40:00,1.0,47,2,0.0425531914893617,5.64844964477751
18 13:00:00,1.0,36,0,0.0,
18 13:20:00,1.0,46,0,0.0,2.178093381722768
18 13:40:00,0.9354838709677419,31,1,0.03225806451612903,3.723715767264366
18 14:00:00,0.9230769230769231,39,0,0.0,3.9845990320046742
18 14:20:00,0.9591836734693877,49,1,0.02040816326530612,9.120555198192596
18 14:40:00,0.9393939393939394,66,0,0.0,3.2517938921848932
18 15:00:00,0.9787234042553191,47,1,0.02127659574468085,4.293633678224352
18 15:20:00,0.9818181818181818,55,1,0.01818181818181818,6.192859915892283
18 15:40:00,0.95,60,2,0.03333333333333333,5.932887629667918
18 16:00:00,0.9016393442622951,61,1,0.01639344262295082,5.514925130208334
18 16:20:00,0.9583333333333334,72,3,0.041666666666666664,6.220745707882775
18 16:40:00,0.8939393939393939,66,6,0.09090909090909091,5.14937192135387
18 17:00:00,0.8977272727272727,88,6,0.06818181818181818,4.166796861489614
18 17:20:00,0.9552238805970149,67,3,0.04477611940298507,4.560672395428022
18 17:40:00,0.8192771084337349,83,19,0.2289156626506024,6.88148143243308
18 18:00:00,0.9180327868852459,61,13,0.21311475409836064,7.18289425522089
18 18:20:00,0.8225806451612904,62,9,0.14516129032258066,6.980288963458118
18 18:40:00,0.8076923076923077,52,6,0.11538461538461539,5.66443924231407
18 19:00:00,0.8852459016393442,61,6,0.09836065573770492,4.923516441451179
18 19:20:00,0.8305084745762712,59,14,0.23728813559322035,8.346048073675117
18 19:40:00,0.918918918918919,37,5,0.13513513513513514,8.717258880315004
18 20:00:00,0.8611111111111112,36,3,0.08333333333333333,4.835981630616717
18 20:20:00,0.9473684210526315,19,0,0.0,2.872328938047091
18 20:40:00,0.8181818181818182,22,5,0.22727272727272727,7.375519698637503
19 08:00:00,1.0,12,1,0.08333333333333333,17.833018052577973
19 08:20:00,0.8235294117647058,34,2,0.058823529411764705,5.477107986807823
19 08:40:00,0.9137931034482759,58,5,0.08620689655172414,6.558587791522344
19 09:00:00,0.813953488372093,86,5,0.05813953488372093,4.2579300009068985
19 09:20:00,0.9058823529411765,85,9,0.10588235294117647,6.635760019818942
19 09:40:00,0.9318181818181818,88,8,0.09090909090909091,6.4526738670834325
19 10:00:00,0.9178082191780822,73,4,0.0547945205479452,5.4871745476355915
19 10:20:00,0.9176470588235294,85,6,0.07058823529411765,5.85143636010942
19 10:40:00,0.90625,96,7,0.07291666666666667,4.970141373078028
19 11:00:00,0.946236559139785,93,11,0.11827956989247312,5.3915962310804835
19 11:20:00,0.9875,80,2,0.025,4.034391386386676
19 11:40:00,0.9634146341463414,82,3,0.036585365853658534,6.1962027476893535
19 12:00:00,1.0,67,2,0.029850746268656716,8.826138550705378
19 12:20:00,0.9333333333333333,60,2,0.03333333333333333,5.051976511875789
19 12:40:00,0.9264705882352942,68,1,0.014705882352941176,5.006337145964305
19 13:00:00,1.0,39,0,0.0,3.5464879883660214
19 13:20:00,0.9367088607594937,79,4,0.05063291139240506,6.794638602821916
19 13:40:00,0.8924731182795699,93,6,0.06451612903225806,6.274234029268608
19 14:00:00,0.8913043478260869,92,13,0.14130434782608695,5.768376662333806
19 14:20:00,0.9361702127659575,94,8,0.0851063829787234,6.66828266476828
19 14:40:00,0.8823529411764706,102,9,0.08823529411764706,5.495775406941389
19 15:00:00,0.9572649572649573,117,4,0.03418803418803419,4.639656190607283
19 15:20:00,0.9553571428571429,112,3,0.026785714285714284,4.641994277194694
19 15:40:00,0.9196428571428571,112,2,0.017857142857142856,4.477898891766866
19 16:00:00,0.9809523809523809,105,9,0.08571428571428572,5.151488062692067
19 16:20:00,0.8936170212765957,94,7,0.07446808510638298,3.8581204433190193
19 16:40:00,0.8589743589743589,78,12,0.15384615384615385,7.498720787631141
19 17:00:00,0.8425925925925926,108,14,0.12962962962962962,8.402604185325512
19 17:20:00,0.7111111111111111,90,25,0.2777777777777778,9.480459802926974
19 17:40:00,0.5238095238095238,63,24,0.38095238095238093,10.367708467182359
19 18:00:00,0.7076923076923077,65,17,0.26153846153846155,9.204896561039819
19 18:20:00,0.6326530612244898,49,18,0.3673469387755102,10.328803376997671
19 18:40:00,0.6744186046511628,43,21,0.4883720930232558,10.232197515037324
19 19:00:00,0.3333333333333333,75,46,0.6133333333333333,11.581754033348776
19 19:20:00,0.49230769230769234,65,27,0.4153846153846154,8.296043748043953
19 19:40:00,0.46236559139784944,93,50,0.5376344086021505,9.7135456210091
19 20:00:00,0.32786885245901637,61,33,0.5409836065573771,12.477941695376048
19 20:20:00,0.43333333333333335,60,32,0.5333333333333333,10.419340324401855
19 20:40:00,0.5151515151515151,33,21,0.6363636363636364,9.689348753882042
20 08:00:00,0.875,16,2,0.125,5.617461960845523
20 08:20:00,0.95,20,2,0.1,4.911509144306183
20 08:40:00,0.8780487804878049,41,0,0.0,2.756206934981876
20 09:00:00,0.9672131147540983,61,2,0.03278688524590164,5.001994919776917
20 09:20:00,0.987012987012987,77,1,0.012987012987012988,6.908876749873161
20 09:40:00,0.9693877551020408,98,3,0.030612244897959183,4.637560356230963
20 10:00:00,0.9532710280373832,107,3,0.028037383177570093,5.98095323310958
20 10:20:00,0.9587628865979382,97,2,0.020618556701030927,4.865258526802063
20 10:40:00,0.9583333333333334,120,4,0.03333333333333333,5.465169737452553
20 11:00:00,0.9105691056910569,123,5,0.04065040650406504,6.4516456952801455
20 11:20:00,0.8869565217391304,115,10,0.08695652173913043,5.822429248767022
20 11:40:00,0.9223300970873787,103,6,0.05825242718446602,5.39882578526934
20 12:00:00,0.8796296296296297,108,7,0.06481481481481481,9.013764775858986
20 12:20:00,0.9245283018867925,106,14,0.1320754716981132,6.965533805529277
20 12:40:00,0.9538461538461539,65,3,0.046153846153846156,4.569960991541545
20 13:00:00,0.9534883720930233,86,11,0.12790697674418605,9.287957646007891
20 13:20:00,0.8688524590163934,122,20,0.16393442622950818,10.061872476587693
20 13:40:00,0.9017857142857143,112,10,0.08928571428571429,5.304011301517487
20 14:00:00,0.9274193548387096,124,15,0.12096774193548387,6.091193642048609
20 14:20:00,0.8675496688741722,151,28,0.18543046357615894,6.54615862934213
20 14:40:00,0.8536585365853658,164,29,0.17682926829268292,7.69080141154925
20 15:00:00,0.8539325842696629,178,30,0.16853932584269662,5.892852015822541
20 15:20:00,0.9375,144,8,0.05555555555555555,5.556030544414315
20 15:40:00,0.9119496855345912,159,28,0.1761006289308176,7.679085727065217
20 16:00:00,0.8951048951048951,143,21,0.14685314685314685,6.376672166374559
20 16:20:00,0.8931297709923665,131,16,0.12213740458015267,6.000587020200841
20 16:40:00,0.9090909090909091,110,9,0.08181818181818182,6.126518728241089
20 17:00:00,0.93,100,8,0.08,5.658367002451862
20 17:20:00,0.900990099009901,101,10,0.09900990099009901,6.19498999291572
20 17:40:00,0.907563025210084,119,24,0.20168067226890757,7.799874310493469
20 18:00:00,0.8113207547169812,106,26,0.24528301886792453,8.792078639045963
20 18:20:00,0.7878787878787878,99,16,0.16161616161616163,7.20675549370902
20 18:40:00,0.8620689655172413,87,14,0.16091954022988506,6.7402522722880045
20 19:00:00,0.7403846153846154,104,16,0.15384615384615385,6.428334927459558
20 19:20:00,0.9052631578947369,95,17,0.17894736842105263,5.6587619287769
20 19:40:00,0.8529411764705882,68,16,0.23529411764705882,5.976945387357953
20 20:00:00,0.8333333333333334,72,10,0.1388888888888889,6.069120241039329
20 20:20:00,0.8333333333333334,42,6,0.14285714285714285,6.758832865732687
20 20:40:00,0.896551724137931,29,3,0.10344827586206896,5.795882335305214
21 08:00:00,0.95,20,0,0.0,3.32630721728007
21 08:20:00,0.9743589743589743,39,0,0.0,2.7767161266009013
21 08:40:00,0.9811320754716981,53,2,0.03773584905660377,4.799590208530426
21 09:00:00,0.96,50,0,0.0,2.3612965570555793
21 09:20:00,0.9345794392523364,107,1,0.009345794392523364,5.1354876033465064
21 09:40:00,1.0,80,3,0.0375,6.773873569170634
21 10:00:00,0.9595959595959596,99,3,0.030303030303030304,4.306247765109652
21 10:20:00,0.9752066115702479,121,2,0.01652892561983471,5.769754583040873
21 10:40:00,0.8803418803418803,117,10,0.08547008547008547,5.219897553195124
21 11:00:00,0.9477611940298507,134,11,0.08208955223880597,5.794613450464577
21 11:20:00,0.9393939393939394,132,12,0.09090909090909091,6.982408822652621
21 11:40:00,0.8461538461538461,117,18,0.15384615384615385,6.901069660861083
21 12:00:00,0.975,80,4,0.05,5.965450056032702
21 12:20:00,0.9411764705882353,68,5,0.07352941176470588,6.913653708226753
21 12:40:00,0.9186046511627907,86,5,0.05813953488372093,5.446417679637671
21 13:00:00,0.925531914893617,94,6,0.06382978723404255,5.040786603040862
21 13:20:00,0.9223300970873787,103,8,0.07766990291262135,8.70283597121163
21 13:40:00,0.8840579710144928,138,30,0.21739130434782608,8.051701155670901
21 14:00:00,0.7964071856287425,167,44,0.2634730538922156,9.583884426853468
21 14:20:00,0.8273809523809523,168,49,0.2916666666666667,9.76759838942896
21 14:40:00,0.8941176470588236,170,44,0.25882352941176473,7.699993445310327
21 15:00:00,0.9192546583850931,161,28,0.17391304347826086,6.809493558037849
21 15:20:00,0.9171597633136095,169,40,0.23668639053254437,7.2665363364532345
21 15:40:00,0.8255813953488372,172,20,0.11627906976744186,5.66994414370921
21 16:00:00,0.9230769230769231,169,12,0.07100591715976332,5.4584035276231315
21 16:20:00,0.8939393939393939,132,19,0.14393939393939395,8.035152588899319
21 16:40:00,0.9060402684563759,149,13,0.087248322147651,5.807560747861862
21 17:00:00,0.9099099099099099,111,4,0.036036036036036036,4.767630702124702
21 17:20:00,0.9108910891089109,101,8,0.07920792079207921,8.1739409477103
21 17:40:00,0.9,110,19,0.17272727272727273,7.139587696513744
21 18:00:00,0.8803418803418803,117,19,0.1623931623931624,9.556564713848962
21 18:20:00,0.8383838383838383,99,18,0.18181818181818182,8.332158101290123
21 18:40:00,0.9770114942528736,87,7,0.08045977011494253,6.009881418943405
21 19:00:00,0.8783783783783784,74,6,0.08108108108108109,5.75313987520006
21 19:20:00,0.9,70,4,0.05714285714285714,4.744914329335803
21 19:40:00,0.8714285714285714,70,2,0.02857142857142857,4.055976926974761
21 20:00:00,0.9811320754716981,53,7,0.1320754716981132,6.959370930288353
21 20:20:00,0.9111111111111111,45,2,0.044444444444444446,4.792709117465549
21 20:40:00,0.9722222222222222,36,1,0.027777777777777776,3.50555608537462
22 08:00:00,0.9,20,1,0.05,11.761588209867478
22 08:20:00,0.9629629629629629,27,1,0.037037037037037035,5.286788400014242
22 08:40:00,0.9024390243902439,41,1,0.024390243902439025,7.608222516377767
22 09:00:00,0.9552238805970149,67,1,0.014925373134328358,5.063507490356764
22 09:20:00,0.984375,64,1,0.015625,6.882744390765826
22 09:40:00,0.9711538461538461,104,1,0.009615384615384616,3.9495815614859264
22 10:00:00,1.0,88,2,0.022727272727272728,5.608249188037146
22 10:20:00,0.9595959595959596,99,3,0.030303030303030304,4.315565156214165
22 10:40:00,0.9646017699115044,113,4,0.035398230088495575,6.388228068207249
22 11:00:00,0.9186991869918699,123,14,0.11382113821138211,5.675496701038245
22 11:20:00,0.8623188405797102,138,19,0.13768115942028986,6.268401830661587
22 11:40:00,0.8775510204081632,98,14,0.14285714285714285,6.840838800925835
22 12:00:00,0.9090909090909091,88,9,0.10227272727272728,5.358621997568343
22 12:20:00,0.8461538461538461,65,2,0.03076923076923077,7.6708011256323925
22 12:40:00,0.9803921568627451,51,2,0.0392156862745098,4.426946103005182
22 13:00:00,1.0,59,0,0.0,3.191601957877477
22 13:20:00,0.9782608695652174,92,2,0.021739130434782608,3.8034383045302493
22 13:40:00,0.9444444444444444,90,3,0.03333333333333333,5.811307350352958
22 14:00:00,0.937007874015748,127,7,0.05511811023622047,5.632005119150963
22 14:20:00,0.8873239436619719,142,13,0.09154929577464789,5.97895871511212
22 14:40:00,0.9054054054054054,148,18,0.12162162162162163,6.962683240969976
22 15:00:00,0.8291139240506329,158,39,0.2468354430379747,7.1794397071296085
22 15:20:00,0.8670886075949367,158,23,0.14556962025316456,6.675507264183119
22 15:40:00,0.9291338582677166,127,14,0.11023622047244094,5.462974110637048
22 16:00:00,0.9690721649484536,97,2,0.020618556701030927,4.2841589640688005
22 16:20:00,0.9387755102040817,98,1,0.01020408163265306,6.173193742434184
22 16:40:00,0.9655172413793104,87,4,0.04597701149425287,4.24327714015276
22 17:00:00,0.9425287356321839,87,6,0.06896551724137931,4.995235947022835
22 17:20:00,0.9375,80,8,0.1,6.648706155353122
22 17:40:00,0.9710144927536232,69,4,0.057971014492753624,5.214815651973089
22 18:00:00,0.9113924050632911,79,4,0.05063291139240506,5.118119087586036
22 18:20:00,0.8705882352941177,85,12,0.1411764705882353,7.265516137867643
22 18:40:00,0.7922077922077922,77,18,0.23376623376623376,10.71822244077921
22 19:00:00,0.8513513513513513,74,7,0.0945945945945946,5.54967786691807
22 19:20:00,0.8676470588235294,68,7,0.10294117647058823,5.013000709402794
22 19:40:00,0.9074074074074074,54,0,0.0,3.4377090791861216
22 20:00:00,0.8378378378378378,37,2,0.05405405405405406,4.264443901733116
22 20:20:00,0.9512195121951219,41,0,0.0,3.338369170029958
22 20:40:00,0.9473684210526315,19,2,0.10526315789473684,11.501805501514012
23 08:00:00,0.8076923076923077,26,2,0.07692307692307693,6.45614540874958
23 08:20:00,0.9333333333333333,45,4,0.08888888888888889,7.0727981461419
23 08:40:00,0.9230769230769231,52,1,0.019230769230769232,5.230360028857277
23 09:00:00,0.9436619718309859,71,2,0.028169014084507043,5.2740447146551945
23 09:20:00,0.9532710280373832,107,0,0.0,3.8870886251330377
23 09:40:00,0.9090909090909091,121,8,0.06611570247933884,7.303556547679153
23 10:00:00,0.9391304347826087,115,4,0.034782608695652174,4.055413118275729
23 10:20:00,0.8880597014925373,134,6,0.04477611940298507,4.2689113075082945
23 10:40:00,0.8823529411764706,153,15,0.09803921568627451,6.6899870039136315
23 11:00:00,0.9342105263157895,152,20,0.13157894736842105,5.835076453550807
23 11:20:00,0.8620689655172413,145,25,0.1724137931034483,6.520987608216026
23 11:40:00,0.95,100,6,0.06,5.424287914435069
23 12:00:00,0.9587628865979382,97,7,0.07216494845360824,8.5817630260079
23 12:20:00,0.9523809523809523,84,1,0.011904761904761904,5.152697509811038
23 12:40:00,0.9069767441860465,86,3,0.03488372093023256,7.213473035891851
23 13:00:00,0.9239130434782609,92,9,0.09782608695652174,6.633823018115863
23 13:20:00,0.9285714285714286,112,15,0.13392857142857142,8.652104022647395
23 13:40:00,0.8842975206611571,121,18,0.1487603305785124,8.045547471175322
23 14:00:00,0.8862275449101796,167,29,0.17365269461077845,8.476019906918207
23 14:20:00,0.8555555555555555,180,49,0.2722222222222222,8.247040384474808
23 14:40:00,0.8144796380090498,221,74,0.334841628959276,7.696821202228298
23 15:00:00,0.6972477064220184,218,84,0.3853211009174312,9.17948110353562
23 15:20:00,0.7837837837837838,222,71,0.31981981981981983,8.324455163068016
23 15:40:00,0.8248587570621468,177,45,0.2542372881355932,6.689793236032734
23 16:00:00,0.8452380952380952,168,39,0.23214285714285715,7.049824678660626
23 16:20:00,0.856353591160221,181,29,0.16022099447513813,6.900252313871642
23 16:40:00,0.8145695364238411,151,25,0.16556291390728478,8.129490893614207
23 17:00:00,0.7588652482269503,141,38,0.2695035460992908,8.042053943267767
23 17:20:00,0.8175182481751825,137,33,0.24087591240875914,9.185689843847202
23 17:40:00,0.8264462809917356,121,26,0.21487603305785125,7.9956796083060455
23 18:00:00,0.8790322580645161,124,30,0.24193548387096775,7.363090510574389
23 18:20:00,0.8130081300813008,123,23,0.18699186991869918,6.357870131598578
23 18:40:00,0.8157894736842105,114,26,0.22807017543859648,7.368483190025602
23 19:00:00,0.8095238095238095,126,31,0.24603174603174602,8.063006053831842
23 19:20:00,0.9032258064516129,62,8,0.12903225806451613,8.768236656132197
23 19:40:00,0.8470588235294118,85,9,0.10588235294117647,7.567203521555749
23 20:00:00,0.88,75,9,0.12,7.521891798134203
23 20:20:00,0.9130434782608695,46,6,0.13043478260869565,7.130588094393413
23 20:40:00,0.7777777777777778,36,5,0.1388888888888889,6.866065355447622
24 08:00:00,0.8666666666666667,15,5,0.3333333333333333,10.033813278377057
24 08:20:00,0.82,50,7,0.14,7.24651479596893
24 08:40:00,0.85,40,5,0.125,9.317671889728969
24 09:00:00,0.8431372549019608,51,4,0.0784313725490196,6.587027582526207
24 09:20:00,0.859375,64,3,0.046875,5.55143640504943
24 09:40:00,0.9270833333333334,96,3,0.03125,4.2271515113612015
24 10:00:00,0.9365079365079365,63,5,0.07936507936507936,6.107708926598232
24 10:20:00,0.9473684210526315,76,5,0.06578947368421052,5.093291639364683
24 10:40:00,0.872093023255814,86,9,0.10465116279069768,6.754147599227187
24 11:00:00,0.8080808080808081,99,17,0.1717171717171717,7.0985073313993565
24 11:20:00,0.91,100,12,0.12,6.8851645227136276
24 11:40:00,0.883495145631068,103,18,0.17475728155339806,6.055616253882915
24 12:00:00,0.90625,64,6,0.09375,6.3697728202078086
24 12:20:00,0.9333333333333333,60,3,0.05,5.343038872215483
24 12:40:00,0.8823529411764706,51,4,0.0784313725490196,5.465864640695077
24 13:00:00,0.8059701492537313,67,12,0.1791044776119403,6.919712337219353
24 13:20:00,0.9375,48,4,0.08333333333333333,4.482604519220499
24 13:40:00,0.881578947368421,76,4,0.05263157894736842,8.263700071970622
24 14:00:00,0.8936170212765957,47,4,0.0851063829787234,7.113153973221779
24 14:20:00,0.9305555555555556,72,4,0.05555555555555555,4.9066550978024805
24 14:40:00,0.8714285714285714,70,10,0.14285714285714285,7.981274619946877
24 15:00:00,0.9375,80,4,0.05,6.875616669654846
24 15:20:00,0.9659090909090909,88,13,0.14772727272727273,7.21454625356765
24 15:40:00,0.9354838709677419,62,8,0.12903225806451613,8.799459828270807
24 16:00:00,0.9285714285714286,70,5,0.07142857142857142,5.200507207711538
24 16:20:00,0.9473684210526315,76,1,0.013157894736842105,3.317140265305837
24 16:40:00,0.9213483146067416,89,3,0.033707865168539325,4.843850167592366
24 17:00:00,0.953125,64,5,0.078125,5.831945843166776
24 17:20:00,0.9,60,1,0.016666666666666666,3.4732643915547268
24 17:40:00,0.9508196721311475,61,9,0.14754098360655737,5.435349715197528
24 18:00:00,0.8360655737704918,61,5,0.08196721311475409,6.038562955458959
24 18:20:00,0.9069767441860465,43,6,0.13953488372093023,5.230095667574141
24 18:40:00,0.8142857142857143,70,7,0.1,6.840761014819146
24 19:00:00,0.926829268292683,41,5,0.12195121951219512,7.515751018978301
24 19:20:00,0.8125,48,4,0.08333333333333333,6.18272975385189
24 19:40:00,0.8974358974358975,39,3,0.07692307692307693,6.4803582610506
24 20:00:00,0.7560975609756098,41,5,0.12195121951219512,7.87373764735681
24 20:20:00,0.9259259259259259,27,4,0.14814814814814814,5.11550684372584
24 20:40:00,0.75,20,2,0.1,4.384206799666087
25 08:00:00,0.6666666666666666,3,1,0.3333333333333333,7.365433883666992
25 08:20:00,0.8518518518518519,27,2,0.07407407407407407,7.403919306066301
25 08:40:00,0.9629629629629629,27,1,0.037037037037037035,5.374868188963997
25 09:00:00,0.9,40,1,0.025,4.015649065044191
25 09:20:00,0.9375,32,1,0.03125,6.299726684888204
25 09:40:00,0.9423076923076923,52,3,0.057692307692307696,5.22191438327233
25 10:00:00,0.9591836734693877,49,3,0.061224489795918366,5.662996584508154
25 10:20:00,0.9206349206349206,63,3,0.047619047619047616,9.187131663163504
25 10:40:00,0.9864864864864865,74,6,0.08108108108108109,5.490611345370611
25 11:00:00,0.9555555555555556,90,5,0.05555555555555555,5.896947814579363
25 11:20:00,0.7263157894736842,95,13,0.1368421052631579,6.586686216957039
25 11:40:00,0.8805970149253731,67,7,0.1044776119402985,5.025889436403911
25 12:00:00,0.875,64,9,0.140625,6.593286697732078
25 12:20:00,0.8947368421052632,57,4,0.07017543859649122,4.650362201134365
25 12:40:00,0.9354838709677419,31,0,0.0,3.339823442697525
25 13:00:00,0.925,40,2,0.05,5.443573056062062
25 13:20:00,0.8301886792452831,53,8,0.1509433962264151,7.335514877392695
25 13:40:00,0.8695652173913043,46,4,0.08695652173913043,5.706048272715675
25 14:00:00,0.9107142857142857,56,3,0.05357142857142857,6.096636603673299
25 14:20:00,0.9777777777777777,45,3,0.06666666666666667,4.7440715087784655
25 14:40:00,1.0,43,2,0.046511627906976744,5.4192938248316445
25 15:00:00,0.8846153846153846,52,1,0.019230769230769232,4.557931350337134
25 15:20:00,1.0,48,0,0.0,3.6942877504560685
25 15:40:00,0.9107142857142857,56,0,0.0,3.228811687231064
25 16:00:00,0.9166666666666666,60,8,0.13333333333333333,9.071447765104699
25 16:20:00,0.7972972972972973,74,21,0.28378378378378377,8.575718600882425
25 16:40:00,0.8679245283018868,53,14,0.2641509433962264,9.234664633538987
25 17:00:00,0.8,70,18,0.2571428571428571,8.592399687678725
25 17:20:00,0.7380952380952381,84,20,0.23809523809523808,7.319188287421169
25 17:40:00,0.7215189873417721,79,24,0.3037974683544304,8.629311970054594
25 18:00:00,0.6756756756756757,74,29,0.3918918918918919,8.928939273509574
25 18:20:00,0.6935483870967742,62,19,0.3064516129032258,5.928510427474976
25 18:40:00,0.6896551724137931,58,18,0.3103448275862069,6.591369177727472
25 19:00:00,0.717948717948718,39,13,0.3333333333333333,11.691216272336465
25 19:20:00,0.56,25,13,0.52,7.687297832469145
25 19:40:00,0.7407407407407407,27,8,0.2962962962962963,8.407696247349183
25 20:00:00,0.58,50,18,0.36,7.969719464503801
25 20:20:00,0.5238095238095238,42,13,0.30952380952380953,9.130763254021154
25 20:40:00,0.6538461538461539,26,12,0.46153846153846156,10.523431237803566
26 08:00:00,0.6818181818181818,22,5,0.22727272727272727,10.12799767426082
26 08:20:00,0.9354838709677419,31,3,0.0967741935483871,6.131605340374841
26 08:40:00,0.8913043478260869,46,3,0.06521739130434782,5.31080865683379
26 09:00:00,0.9285714285714286,56,3,0.05357142857142857,7.225531806832268
26 09:20:00,0.918918918918919,74,7,0.0945945945945946,6.62743998510497
26 09:40:00,0.9529411764705882,85,12,0.1411764705882353,6.79032131317589
26 10:00:00,0.9230769230769231,78,12,0.15384615384615385,6.244075122024074
26 10:20:00,0.9019607843137255,153,13,0.08496732026143791,5.200175159151962
26 10:40:00,0.897196261682243,107,13,0.12149532710280374,5.434787325828504
26 11:00:00,0.8642857142857143,140,18,0.12857142857142856,6.258405336116751
26 11:20:00,0.8677685950413223,121,19,0.15702479338842976,6.115237449135696
26 11:40:00,0.83,100,8,0.08,5.073378205299377
26 12:00:00,0.881578947368421,76,1,0.013157894736842105,4.305589232842127
26 12:20:00,0.9516129032258065,62,1,0.016129032258064516,5.346067837874094
26 12:40:00,0.953125,64,1,0.015625,5.255471587181091
26 13:00:00,0.9166666666666666,60,0,0.0,3.2727118603388465
26 13:20:00,0.8947368421052632,76,1,0.013157894736842105,3.505244783560435
26 13:40:00,0.8817204301075269,93,11,0.11827956989247312,5.974587658284203
26 14:00:00,0.9256198347107438,121,11,0.09090909090909091,7.666104520956676
26 14:20:00,0.8615384615384616,130,18,0.13846153846153847,6.001568010397125
26 14:40:00,0.9615384615384616,130,11,0.08461538461538462,4.910692787611926
26 15:00:00,0.923728813559322,118,6,0.05084745762711865,5.014414381384849
26 15:20:00,0.9307692307692308,130,9,0.06923076923076923,6.123567219354488
26 15:40:00,0.9385964912280702,114,6,0.05263157894736842,4.2430436350050424
26 16:00:00,0.9064748201438849,139,6,0.04316546762589928,6.236683501277054
26 16:20:00,0.9514563106796117,103,9,0.08737864077669903,6.415052270447766
26 16:40:00,0.967741935483871,93,4,0.043010752688172046,5.823990774154663
26 17:00:00,0.9767441860465116,86,3,0.03488372093023256,5.344107645750046
26 17:20:00,0.967391304347826,92,3,0.03260869565217391,4.976314238265709
26 17:40:00,0.9117647058823529,68,4,0.058823529411764705,4.1425479275839665
26 18:00:00,0.9264705882352942,68,4,0.058823529411764705,5.4401704123525905
26 18:20:00,0.9736842105263158,76,3,0.039473684210526314,5.0045650968949
26 18:40:00,0.9782608695652174,46,3,0.06521739130434782,6.674048268795014
26 19:00:00,0.9253731343283582,67,2,0.029850746268656716,4.016805067062378
26 19:20:00,0.9016393442622951,61,4,0.06557377049180328,5.94793646812439
26 19:40:00,0.8292682926829268,41,6,0.14634146341463414,5.860534617756352
26 20:00:00,0.9347826086956522,46,4,0.08695652173913043,9.248859536647796
26 20:20:00,0.90625,32,0,0.0,
26 20:40:00,0.896551724137931,29,1,0.034482758620689655,9.657803355322944
27 08:00:00,1.0,18,2,0.1111111111111111,9.02522671620051
27 08:20:00,0.92,25,2,0.08,14.125975128014883
27 08:40:00,0.9777777777777777,45,7,0.15555555555555556,8.449605561296146
27 09:00:00,0.9090909090909091,55,3,0.05454545454545454,4.971882351239523
27 09:20:00,0.9746835443037974,79,3,0.0379746835443038,5.694611757496992
27 09:40:00,0.9180327868852459,61,3,0.04918032786885246,7.100088285737567
27 10:00:00,0.9693877551020408,98,2,0.02040816326530612,3.928930208583673
27 10:20:00,0.9325842696629213,89,3,0.033707865168539325,8.173491673999361
27 10:40:00,0.9801980198019802,101,1,0.009900990099009901,4.002661327521007
27 11:00:00,0.9180327868852459,122,7,0.05737704918032787,5.1221684397591485
27 11:20:00,0.9666666666666667,90,2,0.022222222222222223,3.436518587384905
27 11:40:00,0.9523809523809523,84,2,0.023809523809523808,3.6074926924705504
27 12:00:00,0.9180327868852459,61,1,0.01639344262295082,3.7143735508124034
27 12:20:00,0.9298245614035088,57,0,0.0,3.0629956742127735
27 12:40:00,0.9811320754716981,53,2,0.03773584905660377,8.327508955200512
27 13:00:00,0.9464285714285714,56,4,0.07142857142857142,10.096907537182172
27 13:20:00,1.0,58,0,0.0,
27 13:40:00,0.9550561797752809,89,4,0.0449438202247191,6.375757559537887
27 14:00:00,0.8854166666666666,96,7,0.07291666666666667,6.583014788688757
27 14:20:00,0.8813559322033898,118,19,0.16101694915254236,6.572277544569551
27 14:40:00,0.875968992248062,129,15,0.11627906976744186,6.138119359928019
27 15:00:00,0.9252336448598131,107,8,0.07476635514018691,5.32882151707359
27 15:20:00,0.8415841584158416,101,6,0.0594059405940594,9.614003417491913
27 15:40:00,0.911504424778761,113,10,0.08849557522123894,6.282656149864197
27 16:00:00,0.9026548672566371,113,8,0.07079646017699115,5.619922964572907
27 16:20:00,0.9772727272727273,88,4,0.045454545454545456,7.637721532583237
27 16:40:00,0.9493670886075949,79,3,0.0379746835443038,5.970338352024555
27 17:00:00,0.9032258064516129,93,1,0.010752688172043012,5.456959949599372
27 17:20:00,0.9326923076923077,104,6,0.057692307692307696,4.680201712938455
27 17:40:00,0.8461538461538461,78,5,0.0641025641025641,5.789616236931239
27 18:00:00,0.9838709677419355,62,2,0.03225806451612903,3.2666078855594
27 18:20:00,0.9090909090909091,66,9,0.13636363636363635,7.553180579874251
27 18:40:00,0.9076923076923077,65,5,0.07692307692307693,4.333827728851168
27 19:00:00,0.8679245283018868,53,6,0.11320754716981132,6.841509567468594
27 19:20:00,0.86,50,5,0.1,5.163349334150553
27 19:40:00,0.8620689655172413,58,4,0.06896551724137931,5.352878066897392
27 20:00:00,0.9444444444444444,36,2,0.05555555555555555,5.5260014586978485
27 20:20:00,0.875,32,2,0.0625,4.417375326156616
27 20:40:00,0.84375,32,6,0.1875,8.270939076741536
28 08:00:00,0.9333333333333333,15,2,0.13333333333333333,6.475414065519969
28 08:20:00,0.9354838709677419,31,2,0.06451612903225806,5.025956370035808
28 08:40:00,0.9111111111111111,45,4,0.08888888888888889,5.2236784122206945
28 09:00:00,0.9433962264150944,53,0,0.0,3.444381062984467
28 09:20:00,0.968421052631579,95,5,0.05263157894736842,5.3286026822196115
28 09:40:00,0.9743589743589743,78,1,0.01282051282051282,6.212540856202443
28 10:00:00,0.9764705882352941,85,0,0.0,3.3813187996546428
28 10:20:00,0.978494623655914,93,0,0.0,2.7729788286345345
28 10:40:00,0.9787234042553191,94,1,0.010638297872340425,4.93053171078364
28 11:00:00,0.9565217391304348,115,2,0.017391304347826087,3.703071383193687
28 11:20:00,0.890625,128,4,0.03125,5.400977920989195
28 11:40:00,0.9444444444444444,126,0,0.0,2.976375029705189
28 12:00:00,0.9253731343283582,67,1,0.014925373134328358,3.7046408375104267
28 12:20:00,0.9204545454545454,88,0,0.0,2.629468778769175
28 12:40:00,0.958904109589041,73,7,0.0958904109589041,5.586260115488981
28 13:00:00,0.9375,96,2,0.020833333333333332,5.328550801895283
28 13:20:00,0.9473684210526315,95,6,0.06315789473684211,5.836954546542395
28 13:40:00,0.8947368421052632,133,15,0.11278195488721804,7.700570137199315
28 14:00:00,0.89937106918239,159,19,0.11949685534591195,6.618916416241799
28 14:20:00,0.8628571428571429,175,29,0.1657142857142857,6.77788866909071
28 14:40:00,0.910828025477707,157,30,0.1910828025477707,8.196056253989537
28 15:00:00,0.8722222222222222,180,34,0.18888888888888888,7.910630894488976
28 15:20:00,0.8909090909090909,165,50,0.30303030303030304,8.172901714062906
28 15:40:00,0.8729281767955801,181,33,0.18232044198895028,6.781579574579916
28 16:00:00,0.9090909090909091,154,25,0.16233766233766234,5.935791930861963
28 16:20:00,0.9150326797385621,153,14,0.0915032679738562,6.588284393014579
28 16:40:00,0.9407894736842105,152,13,0.08552631578947369,6.073719079380944
28 17:00:00,0.9391304347826087,115,11,0.09565217391304348,6.001690085556196
28 17:20:00,0.8778625954198473,131,14,0.10687022900763359,6.86094083725804
28 17:40:00,0.841726618705036,139,20,0.14388489208633093,6.882615982350848
28 18:00:00,0.8636363636363636,132,39,0.29545454545454547,8.114088381949253
28 18:20:00,0.8067226890756303,119,34,0.2857142857142857,8.850672419534789
28 18:40:00,0.9148936170212766,94,18,0.19148936170212766,7.117295995384755
28 19:00:00,0.8061224489795918,98,16,0.16326530612244897,6.956919836175853
28 19:20:00,0.7326732673267327,101,23,0.22772277227722773,8.24164601016689
28 19:40:00,0.8243243243243243,74,9,0.12162162162162163,6.217145710627237
28 20:00:00,0.7358490566037735,53,12,0.22641509433962265,6.868642319005633
28 20:20:00,0.7727272727272727,66,10,0.15151515151515152,6.42726133553187
28 20:40:00,0.5961538461538461,52,16,0.3076923076923077,10.089672442638513
29 08:00:00,0.7647058823529411,17,2,0.11764705882352941,5.295455383261045
29 08:20:00,0.75,20,1,0.05,4.010886826117834
29 08:40:00,0.918918918918919,37,5,0.13513513513513514,6.6581951324145
29 09:00:00,0.8867924528301887,53,4,0.07547169811320754,6.666866776943207
29 09:20:00,0.9473684210526315,57,5,0.08771929824561403,12.154929115374882
29 09:40:00,0.9719626168224299,107,3,0.028037383177570093,5.504813575082355
29 10:00:00,0.9420289855072463,69,5,0.07246376811594203,5.879712335629896
29 10:20:00,0.9210526315789473,76,3,0.039473684210526314,5.112135916664487
29 10:40:00,0.9770114942528736,87,0,0.0,2.840167768796285
29 11:00:00,0.9393939393939394,99,5,0.050505050505050504,5.064813324257179
29 11:20:00,0.9032258064516129,93,5,0.053763440860215055,4.995797225691023
29 11:40:00,0.9125,80,1,0.0125,4.803430113196373
29 12:00:00,0.9782608695652174,46,1,0.021739130434782608,7.080822316805522
29 12:20:00,1.0,55,1,0.01818181818181818,5.040766610701879
29 12:40:00,0.9285714285714286,42,0,0.0,2.5841665963331857
29 13:00:00,0.9795918367346939,49,2,0.04081632653061224,5.142633446057638
29 13:20:00,0.9210526315789473,76,3,0.039473684210526314,8.08317853808403
29 13:40:00,0.9880952380952381,84,2,0.023809523809523808,5.950903842562721
29 14:00:00,0.8736842105263158,95,7,0.07368421052631578,5.593658630649249
29 14:20:00,0.9391304347826087,115,4,0.034782608695652174,5.296475731475013
29 14:40:00,0.9338842975206612,121,14,0.11570247933884298,6.339834427833557
29 15:00:00,0.8981481481481481,108,5,0.046296296296296294,4.268550365169843
29 15:20:00,0.9067796610169492,118,5,0.0423728813559322,5.092256368398666
29 15:40:00,0.9722222222222222,108,11,0.10185185185185185,5.85019988377889
29 16:00:00,0.8673469387755102,98,18,0.1836734693877551,8.23932354595926
29 16:20:00,0.7348484848484849,132,34,0.25757575757575757,7.691915804183845
29 16:40:00,0.7368421052631579,114,23,0.20175438596491227,5.191541574114845
29 17:00:00,0.8142857142857143,70,11,0.15714285714285714,6.952543392380079
29 17:20:00,0.94,50,5,0.1,5.346874463558197
29 17:40:00,0.826530612244898,98,14,0.14285714285714285,5.13749280665435
29 18:00:00,0.7011494252873564,87,22,0.25287356321839083,6.92564690709114
29 18:20:00,0.6987951807228916,83,26,0.3132530120481928,8.314925670438958
29 18:40:00,0.7402597402597403,77,20,0.2597402597402597,6.969842658169342
29 19:00:00,0.6714285714285714,70,20,0.2857142857142857,8.85496425242985
29 19:20:00,0.7317073170731707,41,4,0.0975609756097561,4.609226558321998
29 19:40:00,0.7435897435897436,39,5,0.1282051282051282,6.696630440376423
29 20:00:00,0.9259259259259259,27,2,0.07407407407407407,6.410968444082472
29 20:20:00,1.0,17,0,0.0,
29 20:40:00,0.76,25,4,0.16,8.28650096654892
30 08:00:00,0.8620689655172413,29,7,0.2413793103448276,7.955720033027507
30 08:20:00,1.0,32,1,0.03125,3.440038246313731
30 08:40:00,0.9772727272727273,44,2,0.045454545454545456,4.114877682924271
30 09:00:00,0.9204545454545454,88,3,0.03409090909090909,6.619733788073063
30 09:20:00,0.9369369369369369,111,3,0.02702702702702703,5.960652891227178
30 09:40:00,0.945054945054945,91,5,0.054945054945054944,6.14407737619347
30 10:00:00,0.9349593495934959,123,10,0.08130081300813008,4.8675819389747845
30 10:20:00,0.9523809523809523,126,9,0.07142857142857142,6.647313037088939
30 10:40:00,0.8843537414965986,147,20,0.1360544217687075,7.082122685664739
30 11:00:00,0.8982035928143712,167,24,0.1437125748502994,6.337209440541989
30 11:20:00,0.8639455782312925,147,19,0.1292517006802721,6.785056610019118
30 11:40:00,0.9562043795620438,137,19,0.1386861313868613,5.822537882409544
30 12:00:00,0.9642857142857143,84,5,0.05952380952380952,5.769813562764061
30 12:20:00,0.9431818181818182,88,5,0.056818181818181816,4.4333474227026395
30 12:40:00,0.948051948051948,77,4,0.05194805194805195,6.034739790360133
30 13:00:00,0.9789473684210527,95,9,0.09473684210526316,8.02826896349589
30 13:20:00,0.8776978417266187,139,24,0.17266187050359713,10.6671466468596
30 13:40:00,0.8224852071005917,169,32,0.1893491124260355,7.263135653547943
30 14:00:00,0.806282722513089,191,50,0.2617801047120419,8.296177332211233
30 14:20:00,0.7419354838709677,217,79,0.3640552995391705,9.95249485593278
30 14:40:00,0.7635467980295566,203,71,0.3497536945812808,9.287164534427024
30 15:00:00,0.7380952380952381,210,86,0.4095238095238095,9.53902198197047
30 15:20:00,0.759090909090909,220,75,0.3409090909090909,9.22403821116787
30 15:40:00,0.7534883720930232,215,67,0.3116279069767442,8.893902129007108
30 16:00:00,0.7386934673366834,199,70,0.35175879396984927,9.415777774943487
30 16:20:00,0.7476635514018691,214,84,0.3925233644859813,10.254152616633087
30 16:40:00,0.8125,176,54,0.3068181818181818,8.625837012355248
30 17:00:00,0.8571428571428571,147,33,0.22448979591836735,8.729552216412591
30 17:20:00,0.8059701492537313,134,36,0.26865671641791045,8.188984225193659
30 17:40:00,0.7109375,128,46,0.359375,10.09405635106258
30 18:00:00,0.7483443708609272,151,42,0.2781456953642384,8.505619849677377
30 18:20:00,0.6875,160,46,0.2875,8.320207314985293
30 18:40:00,0.7631578947368421,152,44,0.2894736842105263,7.893871625936087
30 19:00:00,0.75,116,39,0.33620689655172414,7.259793188773766
30 19:20:00,0.7692307692307693,91,22,0.24175824175824176,7.987431521188645
30 19:40:00,0.7524752475247525,101,25,0.24752475247524752,7.755991853577222
30 20:00:00,0.7831325301204819,83,10,0.12048192771084337,4.837436493805476
30 20:20:00,0.8142857142857143,70,14,0.2,5.345137081001743
30 20:40:00,0.8,50,8,0.16,8.33233741949766
01 08:00:00,0.9230769230769231,13,0,0.0,2.8924878504541183
01 08:20:00,0.9259259259259259,27,1,0.037037037037037035,5.346342035134634
01 08:40:00,0.9117647058823529,34,3,0.08823529411764706,8.874989395671422
01 09:00:00,0.9230769230769231,39,0,0.0,2.773820875088374
01 09:20:00,0.9846153846153847,65,3,0.046153846153846156,7.613929836948713
01 09:40:00,0.9821428571428571,56,2,0.03571428571428571,10.316388271252315
01 10:00:00,0.9111111111111111,90,5,0.05555555555555555,4.470765749613444
01 10:20:00,0.8666666666666667,105,8,0.0761904761904762,5.959000880022844
01 10:40:00,0.9494949494949495,99,5,0.050505050505050504,5.970162155893115
01 11:00:00,0.8899082568807339,109,9,0.08256880733944955,6.372692358493805
01 11:20:00,0.9156626506024096,83,4,0.04819277108433735,4.964397438367208
01 11:40:00,0.9759036144578314,83,0,0.0,3.6109480202198028
01 12:00:00,0.9859154929577465,71,1,0.014084507042253521,3.5946510977215236
01 12:20:00,0.9375,64,1,0.015625,3.3569324079014007
01 12:40:00,0.9574468085106383,47,1,0.02127659574468085,4.400509905815125
01 13:00:00,0.9272727272727272,55,4,0.07272727272727272,7.243022924661636
01 13:20:00,0.9272727272727272,55,5,0.09090909090909091,5.679270106333274
01 13:40:00,0.9622641509433962,53,3,0.05660377358490566,5.986372086736891
01 14:00:00,0.8850574712643678,87,5,0.05747126436781609,6.373370991481675
01 14:20:00,0.9473684210526315,57,4,0.07017543859649122,4.879628063241641
01 14:40:00,0.9230769230769231,65,3,0.046153846153846156,4.075809396803379
01 15:00:00,0.8695652173913043,92,7,0.07608695652173914,7.723764540571155
01 15:20:00,0.8333333333333334,72,3,0.041666666666666664,7.82209670609898
01 15:40:00,0.9565217391304348,69,4,0.057971014492753624,4.893452089627584
01 16:00:00,0.9,90,5,0.05555555555555555,9.120965685447057
01 16:20:00,0.8691588785046729,107,8,0.07476635514018691,6.356595559120178
01 16:40:00,0.8850574712643678,87,9,0.10344827586206896,5.111305181980133
01 17:00:00,0.8536585365853658,82,5,0.06097560975609756,4.182203062127034
01 17:20:00,0.9125,80,3,0.0375,5.65774445884368
01 17:40:00,0.8769230769230769,65,6,0.09230769230769231,5.576698483278354
01 18:00:00,0.8860759493670886,79,9,0.11392405063291139,5.5258421196657075
01 18:20:00,0.9074074074074074,54,4,0.07407407407407407,4.435185396955126
01 18:40:00,0.9014084507042254,71,8,0.11267605633802817,5.783966628268913
01 19:00:00,0.9230769230769231,52,4,0.07692307692307693,4.463747916799603
01 19:20:00,0.9344262295081968,61,9,0.14754098360655737,5.289002724753486
01 19:40:00,0.9117647058823529,34,2,0.058823529411764705,4.428024490012063
01 20:00:00,1.0,26,1,0.038461538461538464,4.249985124383654
01 20:20:00,0.6764705882352942,34,6,0.17647058823529413,8.458859088023504
01 20:40:00,0.7241379310344828,29,7,0.2413793103448276,8.587636162269684
02 08:00:00,0.9,10,1,0.1,7.508038558562597
02 08:20:00,0.84,25,2,0.08,4.720976652701696
02 08:40:00,0.96,25,2,0.08,8.357529845833778
02 09:00:00,0.9354838709677419,31,4,0.12903225806451613,5.357445960044861
02 09:20:00,1.0,38,3,0.07894736842105263,7.90515882174174
02 09:40:00,0.8823529411764706,51,3,0.058823529411764705,4.0100262452054904
02 10:00:00,0.9565217391304348,46,3,0.06521739130434782,6.970413641134898
02 10:20:00,0.9393939393939394,66,5,0.07575757575757576,5.663563158114751
02 10:40:00,0.9016393442622951,61,2,0.03278688524590164,3.8276432700951895
02 11:00:00,0.9365079365079365,63,0,0.0,2.883871395058102
02 11:20:00,0.9523809523809523,63,2,0.031746031746031744,4.697082500325309
02 11:40:00,0.8983050847457628,59,6,0.1016949152542373,6.232061172591315
02 12:00:00,0.85,60,1,0.016666666666666666,4.47055517651818
02 12:20:00,0.84,50,3,0.06,4.888339846001731
02 12:40:00,0.9333333333333333,45,5,0.1111111111111111,9.54374303817749
02 13:00:00,0.8431372549019608,51,1,0.0196078431372549,6.226068472862243
02 13:20:00,1.0,43,0,0.0,
02 13:40:00,0.9183673469387755,49,0,0.0,2.732140256298913
02 14:00:00,0.9772727272727273,44,1,0.022727272727272728,4.085367523299323
02 14:20:00,0.9333333333333333,45,3,0.06666666666666667,6.474522061347961
02 14:40:00,0.9464285714285714,56,7,0.125,6.286345766752194
02 15:00:00,0.8679245283018868,53,8,0.1509433962264151,6.841138577196333
02 15:20:00,0.9206349206349206,63,6,0.09523809523809523,5.442740517192417
02 15:40:00,0.896551724137931,58,5,0.08620689655172414,6.368571699233282
02 16:00:00,0.8309859154929577,71,10,0.14084507042253522,4.9895925368323475
02 16:20:00,0.9565217391304348,46,2,0.043478260869565216,3.97692496114307
02 16:40:00,0.8571428571428571,63,4,0.06349206349206349,4.816938033248439
02 17:00:00,0.9322033898305084,59,4,0.06779661016949153,8.34435656953741
02 17:20:00,0.8148148148148148,81,10,0.12345679012345678,7.797526750405629
02 17:40:00,0.8571428571428571,63,14,0.2222222222222222,6.642651296655337
02 18:00:00,0.9066666666666666,75,11,0.14666666666666667,5.975903520675805
02 18:20:00,0.8955223880597015,67,5,0.07462686567164178,5.098976018212058
02 18:40:00,0.7903225806451613,62,10,0.16129032258064516,6.0664478120803835
02 19:00:00,0.9024390243902439,41,1,0.024390243902439025,4.183678447405497
02 19:20:00,0.8421052631578947,57,10,0.17543859649122806,6.70621623551404
02 19:40:00,0.7346938775510204,49,4,0.08163265306122448,5.531326124182454
02 20:00:00,0.7142857142857143,42,7,0.16666666666666666,5.461335762093465
02 20:20:00,0.7419354838709677,31,7,0.22580645161290322,5.422573499629895
02 20:40:00,0.7777777777777778,27,6,0.2222222222222222,10.949687383075554
03 08:00:00,1.0,15,2,0.13333333333333333,5.784320207436879
03 08:20:00,0.9047619047619048,21,2,0.09523809523809523,11.592663007974625
03 08:40:00,0.8367346938775511,49,3,0.061224489795918366,8.149388035138449
03 09:00:00,0.9622641509433962,53,2,0.03773584905660377,4.691484202657427
03 09:20:00,1.0,50,0,0.0,3.162596973776817
03 09:40:00,0.9491525423728814,59,0,0.0,3.6477654089530307
03 10:00:00,0.8860759493670886,79,2,0.02531645569620253,5.522331109974119
03 10:20:00,0.8962264150943396,106,10,0.09433962264150944,5.825796827544337
03 10:40:00,0.8987341772151899,79,7,0.08860759493670886,6.280591143419345
03 11:00:00,0.9203539823008849,113,5,0.04424778761061947,4.417860175804659
03 11:20:00,0.883495145631068,103,6,0.05825242718446602,5.423553709189097
03 11:40:00,0.9625,80,4,0.05,5.1912658590536855
03 12:00:00,0.9152542372881356,59,2,0.03389830508474576,5.277549846172333
03 12:20:00,0.9019607843137255,51,5,0.09803921568627451,5.775810813903808
03 12:40:00,0.9423076923076923,52,1,0.019230769230769232,8.87764316002528
03 13:00:00,0.94,50,1,0.02,6.009957838720746
03 13:20:00,0.9152542372881356,59,3,0.05084745762711865,5.81903327847972
03 13:40:00,0.9032258064516129,62,2,0.03225806451612903,3.566056501865387
03 14:00:00,0.9176470588235294,85,3,0.03529411764705882,4.020176248039518
03 14:20:00,0.8556701030927835,97,20,0.20618556701030927,8.511703217670481
03 14:40:00,0.7090909090909091,165,49,0.296969696969697,11.09717444225594
03 15:00:00,0.8728813559322034,118,19,0.16101694915254236,7.831042892905487
03 15:20:00,0.8782608695652174,115,18,0.1565217391304348,6.4849271583790875
03 15:40:00,0.875,120,12,0.1,6.222289233978349
03 16:00:00,0.84375,96,6,0.0625,7.496491036228106
03 16:20:00,0.9090909090909091,99,8,0.08080808080808081,6.4978318518400195
03 16:40:00,0.9032258064516129,93,8,0.08602150537634409,6.445448640130816
03 17:00:00,0.9629629629629629,81,2,0.024691358024691357,6.54480169945293
03 17:20:00,0.9230769230769231,91,9,0.0989010989010989,6.497221335437563
03 17:40:00,0.9285714285714286,84,6,0.07142857142857142,6.254794397453467
03 18:00:00,0.8160919540229885,87,10,0.11494252873563218,5.89005477978633
03 18:20:00,0.7790697674418605,86,13,0.1511627906976744,6.364194662570953
03 18:40:00,0.8653846153846154,52,5,0.09615384615384616,6.566064754724503
03 19:00:00,0.9107142857142857,56,7,0.125,7.535224788813364
03 19:20:00,0.7317073170731707,41,5,0.12195121951219512,5.206804348872258
03 19:40:00,0.875,48,7,0.14583333333333334,6.662132725185818
03 20:00:00,0.8679245283018868,53,9,0.16981132075471697,5.616448962861213
03 20:20:00,0.7551020408163265,49,8,0.16326530612244897,5.352294763177634
03 20:40:00,0.8787878787878788,33,2,0.06060606060606061,4.332465579333129
