"time_window","accept_rate","request","long_waiting","longwait_percent1","longwait_percent2","longwait_percent3","longwait_percent4","online_drivers","Percentchange_onlinedrivers","DriverBusyRate"
"06 08:00:00","0.8666666666666667","15","3","0.2","0.2","0.2","0.2","235","0.3106382978723404","0.05106382978723404"
"06 08:20:00","0.9642857142857143","28","2","0.1428571428571428","0.09285714285714286","0.07142857142857142","0.08571428571428572","308","0.2727272727272727","0.08766233766233766"
"06 08:40:00","0.8409090909090909","44","2","0.06818181818181818","0.05227272727272727","0.04545454545454546","0.05","392","0.1785714285714286","0.0916030534351145"
"06 09:00:00","0.890625","64","5","0.125","0.09218750000000001","0.078125","0.08749999999999999","462","0.09740259740259741","0.119047619047619"
"06 09:20:00","0.8970588235294118","68","3","0.04411764705882353","0.04411764705882353","0.04411764705882353","0.04411764705882353","507","0.08481262327416174","0.1185770750988142"
"06 09:40:00","0.9047619047619048","84","7","0.119047619047619","0.09404761904761905","0.08333333333333333","0.09047619047619047","550","0.07272727272727272","0.1381818181818182"
"06 10:00:00","0.9213483146067416","89","6","0.1123595505617977","0.08089887640449439","0.06741573033707865","0.07640449438202247","590","0.01864406779661017","0.1355932203389831"
"06 10:20:00","0.9150943396226415","106","11","0.1415094339622641","0.1150943396226415","0.1037735849056604","0.1113207547169811","601","0.02828618968386023","0.1530782029950083"
"06 10:40:00","0.8762886597938144","97","8","0.1237113402061856","0.09484536082474226","0.08247422680412371","0.09072164948453609","618","0.003236245954692557","0.1343042071197411"
"06 11:00:00","0.8819875776397516","161","26","0.2484472049689441","0.1875776397515528","0.1614906832298137","0.1788819875776398","620","-0.00967741935483871","0.1967741935483871"
"06 11:20:00","0.8512396694214877","121","8","0.0743801652892562","0.06859504132231406","0.06611570247933884","0.06776859504132231","614","-0.04234527687296417","0.1579804560260586"
"06 11:40:00","0.9456521739130435","92","3","0.04347826086956522","0.03586956521739131","0.03260869565217391","0.03478260869565217","588","-0.04591836734693878","0.1379897785349233"
"06 12:00:00","0.9861111111111112","72","4","0.08333333333333333","0.06388888888888888","0.05555555555555555","0.06111111111111112","561","-0.05525846702317291","0.125"
"06 12:20:00","0.9444444444444444","54","0","","","","","530","-0.05471698113207547","0.09640831758034027"
"06 12:40:00","1","51","0","","","","","501","0.009980039920159681","0.102"
"06 13:00:00","0.9166666666666666","48","1","0.02083333333333333","0.02083333333333333","0.02083333333333333","0.02083333333333333","506","-0.001976284584980237","0.0873015873015873"
"06 13:20:00","0.9836065573770492","61","2","0.04918032786885246","0.03770491803278688","0.03278688524590164","0.03606557377049181","505","0.01386138613861386","0.1153081510934394"
"06 13:40:00","0.8941176470588236","85","2","0.03529411764705882","0.02705882352941176","0.02352941176470588","0.02588235294117647","512","0.046875","0.1473477406679764"
"06 14:00:00","0.946236559139785","93","6","0.08602150537634409","0.07096774193548387","0.06451612903225806","0.06881720430107527","536","0.06902985074626866","0.1575984990619137"
"06 14:20:00","0.9026548672566371","113","7","0.07964601769911504","0.06725663716814159","0.06194690265486726","0.06548672566371681","573","0.04013961605584642","0.1736842105263158"
"06 14:40:00","0.9491525423728814","118","2","0.02542372881355932","0.01949152542372881","0.01694915254237288","0.01864406779661017","596","0.07214765100671142","0.1868686868686869"
"06 15:00:00","0.9312977099236641","131","7","0.06870229007633588","0.05801526717557252","0.05343511450381679","0.05648854961832062","639","0.02034428794992175","0.1868131868131868"
"06 15:20:00","0.9365079365079365","126","5","0.04761904761904762","0.04206349206349206","0.03968253968253968","0.04126984126984127","652","0.01380368098159509","0.1720430107526882"
"06 15:40:00","0.8979591836734694","147","19","0.1904761904761905","0.1476190476190476","0.1292517006802721","0.1414965986394558","661","0.03328290468986384","0.1884498480243161"
"06 16:00:00","0.8080000000000001","125","7","0.096","0.068","0.056","0.064","683","0.01317715959004392","0.1441176470588235"
"06 16:20:00","0.937984496124031","129","3","0.0310077519379845","0.02558139534883721","0.02325581395348837","0.0248062015503876","692","-0.004335260115606936","0.169811320754717"
"06 16:40:00","0.9285714285714286","98","8","0.1122448979591837","0.09081632653061225","0.08163265306122448","0.08775510204081632","689","-0.03338171262699564","0.1295487627365356"
"06 17:00:00","0.9761904761904762","84","2","0.02380952380952381","0.02380952380952381","0.02380952380952381","0.02380952380952381","666","-0.04504504504504504","0.1203007518796992"
"06 17:20:00","0.9583333333333334","96","8","0.1458333333333333","0.1020833333333333","0.08333333333333333","0.09583333333333333","636","-0.1037735849056604","0.1401574803149606"
"06 17:40:00","0.8695652173913043","92","4","0.08695652173913043","0.05652173913043478","0.04347826086956522","0.05217391304347826","570","0.03333333333333333","0.1390845070422535"
"06 18:00:00","0.9452054794520548","73","6","0.1232876712328767","0.09452054794520548","0.0821917808219178","0.09041095890410958","589","-0.08488964346349745","0.1126279863481229"
"06 18:20:00","0.9454545454545454","55","4","0.1272727272727273","0.0890909090909091","0.07272727272727272","0.08363636363636363","539","-0.04638218923933209","0.09683426443202979"
"06 18:40:00","0.9146341463414634","82","2","0.04878048780487805","0.03170731707317073","0.02439024390243903","0.02926829268292683","514","-0.06420233463035019","0.1409001956947162"
"06 19:00:00","0.9230769230769231","78","8","0.1538461538461539","0.1179487179487179","0.1025641025641026","0.1128205128205128","481","-0.1122661122661123","0.1401673640167364"
"06 19:20:00","0.9803921568627451","51","8","0.2549019607843137","0.1862745098039216","0.1568627450980392","0.1764705882352941","427","-0.126463700234192","0.1152941176470588"
"06 19:40:00","0.9285714285714286","42","4","0.1428571428571428","0.1095238095238095","0.09523809523809523","0.1047619047619048","373","-0.02949061662198391","0.1024258760107817"
"06 20:00:00","0.9736842105263158","38","2","0.07894736842105263","0.06052631578947368","0.05263157894736842","0.05789473684210527","362","-0.09392265193370165","0.1024930747922438"
"06 20:20:00","0.9354838709677419","31","0","","","","","328","-0.0975609756097561","0.08841463414634146"
"06 20:40:00","1","16","1","0.0625","0.0625","0.0625","0.0625","296","-0.1385135135135135","0.05405405405405406"
"07 08:00:00","0.875","32","7","0.34375","0.25625","0.21875","0.24375","255","0.2901960784313726","0.1015625"
"07 08:20:00","0.9285714285714286","42","4","0.1428571428571428","0.1095238095238095","0.09523809523809523","0.1047619047619048","329","0.2370820668693009","0.1024096385542169"
"07 08:40:00","0.9012345679012346","81","2","0.04938271604938271","0.03209876543209877","0.02469135802469136","0.02962962962962963","407","0.199017199017199","0.1621621621621622"
"07 09:00:00","0.8915662650602409","83","7","0.1204819277108434","0.09518072289156627","0.08433734939759036","0.09156626506024096","488","0.09631147540983606","0.1516393442622951"
"07 09:20:00","0.9285714285714286","84","3","0.05952380952380952","0.04285714285714286","0.03571428571428571","0.04047619047619048","535","0.05046728971962617","0.1289719626168224"
"07 09:40:00","0.9528301886792453","106","7","0.09433962264150944","0.07452830188679245","0.0660377358490566","0.07169811320754717","562","0.08362989323843416","0.1690391459074733"
"07 10:00:00","0.9206349206349206","126","7","0.07936507936507936","0.0626984126984127","0.05555555555555555","0.06031746031746031","609","0.0361247947454844","0.1783960720130933"
"07 10:20:00","0.881578947368421","152","19","0.1907894736842105","0.1447368421052632","0.125","0.1381578947368421","631","0.01109350237717908","0.1949286846275753"
"07 10:40:00","0.8765432098765432","162","23","0.2222222222222222","0.1660493827160494","0.1419753086419753","0.1580246913580247","638","0.0109717868338558","0.2072213500784929"
"07 11:00:00","0.891156462585034","147","11","0.09523809523809523","0.08095238095238096","0.07482993197278912","0.07891156462585033","645","0.01395348837209302","0.1894409937888199"
"07 11:20:00","0.873015873015873","126","9","0.1349206349206349","0.09047619047619047","0.07142857142857142","0.08412698412698412","654","-0.02752293577981652","0.1579754601226994"
"07 11:40:00","0.9342105263157895","152","13","0.125","0.09736842105263159","0.08552631578947369","0.09342105263157895","636","-0.0220125786163522","0.2129337539432177"
"07 12:00:00","0.9494949494949495","99","4","0.06060606060606061","0.04646464646464646","0.04040404040404041","0.04444444444444445","622","-0.05627009646302251","0.1419354838709677"
"07 12:20:00","0.9295774647887324","71","3","0.07042253521126761","0.05070422535211268","0.04225352112676056","0.04788732394366197","587","-0.03407155025553663","0.1111111111111111"
"07 12:40:00","0.9240506329113924","79","2","0.0379746835443038","0.02911392405063291","0.02531645569620253","0.02784810126582279","567","-0.03527336860670194","0.1199294532627866"
"07 13:00:00","0.9479166666666666","96","2","0.04166666666666666","0.02708333333333333","0.02083333333333333","0.025","547","0.01279707495429616","0.1575091575091575"
"07 13:20:00","0.967741935483871","93","3","0.03225806451612903","0.03225806451612903","0.03225806451612903","0.03225806451612903","554","0.01985559566787004","0.1594202898550725"
"07 13:40:00","0.952","125","11","0.128","0.1","0.08799999999999999","0.096","565","0.05309734513274336","0.2017699115044248"
"07 14:00:00","0.9230769230769231","169","25","0.2071005917159763","0.1656804733727811","0.1479289940828402","0.1597633136094675","595","0.04033613445378152","0.2420168067226891"
"07 14:20:00","0.901840490797546","163","28","0.2822085889570552","0.2049079754601227","0.1717791411042945","0.1938650306748466","619","0.03554119547657512","0.2209677419354839"
"07 14:40:00","0.867579908675799","219","48","0.3105022831050228","0.2465753424657534","0.2191780821917808","0.2374429223744292","641","0.0577223088923557","0.2636505460218408"
"07 15:00:00","0.8484848484848485","198","47","0.3484848484848485","0.2707070707070707","0.2373737373737374","0.2595959595959596","678","0.004424778761061947","0.2404129793510325"
"07 15:20:00","0.8324022346368715","179","24","0.2011173184357542","0.1541899441340782","0.1340782122905028","0.1474860335195531","681","0.002936857562408223","0.209985315712188"
"07 15:40:00","0.8715083798882681","179","21","0.1731843575418995","0.1340782122905028","0.1173184357541899","0.1284916201117318","683","-0.008784773060029283","0.2181551976573939"
"07 16:00:00","0.8756476683937824","193","37","0.2746113989637305","0.216580310880829","0.1917098445595855","0.2082901554404145","677","0.007385524372230428","0.224188790560472"
"07 16:20:00","0.9157894736842105","190","34","0.2842105263157895","0.2105263157894737","0.1789473684210526","0.2","682","0.005865102639296188","0.2437591776798825"
"07 16:40:00","0.8780487804878049","164","26","0.2317073170731707","0.1804878048780488","0.1585365853658537","0.1731707317073171","686","-0.01311953352769679","0.2"
"07 17:00:00","0.9562043795620438","137","17","0.1751824817518248","0.1394160583941606","0.1240875912408759","0.1343065693430657","677","-0.05612998522895125","0.1819526627218935"
"07 17:20:00","0.9014084507042254","142","8","0.09859154929577464","0.06901408450704226","0.05633802816901409","0.06478873239436619","639","-0.009389671361502348","0.1927899686520376"
"07 17:40:00","0.9338235294117647","136","10","0.1029411764705882","0.08235294117647059","0.07352941176470588","0.07941176470588236","633","-0.06951026856240126","0.1933438985736926"
"07 18:00:00","0.84472049689441","161","34","0.2919254658385093","0.2354037267080745","0.2111801242236025","0.2273291925465838","589","-0.02207130730050934","0.2098976109215017"
"07 18:20:00","0.673202614379085","153","54","0.5424836601307189","0.4098039215686275","0.3529411764705883","0.3908496732026144","576","-0.08506944444444445","0.1675392670157068"
"07 18:40:00","0.6991150442477876","113","45","0.5752212389380531","0.4513274336283186","0.3982300884955752","0.4336283185840708","527","-0.07400379506641366","0.1425855513307985"
"07 19:00:00","0.6761904761904762","105","39","0.5904761904761905","0.4371428571428571","0.3714285714285714","0.4152380952380952","488","-0.09016393442622951","0.135523613963039"
"07 19:20:00","0.7916666666666666","96","29","0.40625","0.3333333333333333","0.3020833333333333","0.3229166666666667","444","-0.009009009009009009","0.1554054054054054"
"07 19:40:00","0.775","80","10","0.1875","0.14375","0.125","0.1375","440","-0.09545454545454546","0.1340909090909091"
"07 20:00:00","0.7126436781609196","87","22","0.4252873563218391","0.3045977011494253","0.2528735632183908","0.2873563218390804","398","-0.08291457286432161","0.1407035175879397"
"07 20:20:00","0.71875","64","17","0.40625","0.3078125","0.265625","0.29375","365","-0.1150684931506849","0.126027397260274"
"07 20:40:00","0.4081632653061225","49","22","0.6122448979591837","0.4979591836734694","0.4489795918367347","0.4816326530612245","323","-0.3931888544891641","0.06191950464396285"
"08 08:00:00","0.68","25","7","0.4","0.316","0.28","0.304","196","0.2397959183673469","0.08121827411167512"
"08 08:20:00","0.7692307692307693","39","5","0.1794871794871795","0.1435897435897436","0.1282051282051282","0.1384615384615385","243","0.2880658436213992","0.1188524590163934"
"08 08:40:00","0.8541666666666666","48","5","0.1666666666666667","0.1229166666666667","0.1041666666666667","0.1166666666666667","313","0.2044728434504792","0.1309904153354633"
"08 09:00:00","0.9193548387096774","62","3","0.04838709677419355","0.04838709677419355","0.04838709677419355","0.04838709677419355","377","0.09018567639257294","0.143236074270557"
"08 09:20:00","0.9855072463768116","69","3","0.07246376811594203","0.05217391304347826","0.04347826086956522","0.04927536231884058","411","0.145985401459854","0.1630170316301703"
"08 09:40:00","0.9","70","6","0.1142857142857143","0.09428571428571428","0.08571428571428572","0.09142857142857143","471","0.06157112526539278","0.1276595744680851"
"08 10:00:00","0.971830985915493","71","2","0.05633802816901409","0.03661971830985915","0.02816901408450704","0.03380281690140845","500","0.028","0.1382765531062124"
"08 10:20:00","0.9375","80","3","0.0375","0.0375","0.0375","0.0375","514","0.03307392996108949","0.1420233463035019"
"08 10:40:00","0.9607843137254902","102","2","0.0196078431372549","0.0196078431372549","0.0196078431372549","0.0196078431372549","531","0.005649717514124294","0.1833648393194707"
"08 11:00:00","0.8679245283018868","106","12","0.1792452830188679","0.1330188679245283","0.1132075471698113","0.1264150943396226","534","0.02247191011235955","0.1669793621013133"
"08 11:20:00","0.9306930693069307","101","10","0.1485148514851485","0.1138613861386139","0.09900990099009901","0.1089108910891089","546","-0.04761904761904762","0.1636029411764706"
"08 11:40:00","0.8863636363636364","88","4","0.05681818181818182","0.04886363636363636","0.04545454545454546","0.04772727272727273","520","-0.05","0.1447876447876448"
"08 12:00:00","0.9538461538461539","65","0","","","","","494","-0.05263157894736842","0.1199186991869919"
"08 12:20:00","0.875","48","2","0.04166666666666666","0.04166666666666666","0.04166666666666666","0.04166666666666666","468","-0.06623931623931624","0.08565310492505353"
"08 12:40:00","1","47","1","0.0425531914893617","0.02765957446808511","0.02127659574468085","0.02553191489361702","437","-0.006864988558352402","0.1052631578947368"
"08 13:00:00","1","48","2","0.04166666666666666","0.04166666666666666","0.04166666666666666","0.04166666666666666","434","-0.02764976958525346","0.1062355658198614"
"08 13:20:00","0.9361702127659575","47","4","0.1702127659574468","0.1106382978723404","0.0851063829787234","0.1021276595744681","422","0.01421800947867299","0.1023809523809524"
"08 13:40:00","0.9827586206896551","58","1","0.01724137931034483","0.01724137931034483","0.01724137931034483","0.01724137931034483","428","0.05841121495327103","0.1288056206088993"
"08 14:00:00","0.926829268292683","82","8","0.1097560975609756","0.101219512195122","0.0975609756097561","0.09999999999999999","453","0.04194260485651214","0.1570796460176991"
"08 14:20:00","0.9587628865979382","97","9","0.134020618556701","0.1051546391752577","0.09278350515463918","0.1010309278350515","472","0.03813559322033899","0.1881606765327695"
"08 14:40:00","0.9552238805970149","67","3","0.05970149253731343","0.04925373134328358","0.04477611940298507","0.04776119402985075","490","0.0326530612244898","0.1262729124236253"
"08 15:00:00","0.9591836734693877","98","4","0.06122448979591837","0.04693877551020408","0.04081632653061224","0.04489795918367347","506","0.01976284584980237","0.1739130434782609"
"08 15:20:00","1","95","0","","","","","516","0.03875968992248062","0.1763565891472868"
"08 15:40:00","0.9861111111111112","72","1","0.02777777777777778","0.01805555555555556","0.01388888888888889","0.01666666666666667","536","-0.009328358208955223","0.125"
"08 16:00:00","0.9746835443037974","79","3","0.0379746835443038","0.0379746835443038","0.0379746835443038","0.0379746835443038","531","-0.01129943502824859","0.1393596986817326"
"08 16:20:00","0.9863013698630136","73","2","0.0410958904109589","0.03150684931506849","0.0273972602739726","0.03013698630136986","525","-0.03428571428571429","0.1352380952380952"
"08 16:40:00","0.9318181818181818","88","17","0.2954545454545455","0.2238636363636363","0.1931818181818182","0.2136363636363637","507","-0.07692307692307693","0.1538461538461539"
"08 17:00:00","0.8555555555555555","90","18","0.3333333333333333","0.24","0.2","0.2266666666666667","468","-0.02777777777777778","0.1495726495726496"
"08 17:20:00","0.8390804597701149","87","15","0.2528735632183908","0.196551724137931","0.1724137931034483","0.1885057471264368","455","-0.04175824175824176","0.1487964989059081"
"08 17:40:00","0.7373737373737373","99","26","0.3838383838383838","0.298989898989899","0.2626262626262627","0.2868686868686868","436","-0.06192660550458716","0.1559633027522936"
"08 18:00:00","0.6796116504854369","103","39","0.5631067961165048","0.4339805825242719","0.3786407766990291","0.4155339805825242","409","-0.1295843520782396","0.156479217603912"
"08 18:20:00","0.5977011494252874","87","34","0.5747126436781609","0.4459770114942528","0.3908045977011494","0.4275862068965517","356","-0.0898876404494382","0.1404494382022472"
"08 18:40:00","0.4205607476635514","107","53","0.719626168224299","0.5626168224299065","0.4953271028037383","0.5401869158878504","324","-0.08641975308641975","0.1327160493827161"
"08 19:00:00","0.5542168674698795","83","42","0.7590361445783133","0.5819277108433735","0.5060240963855421","0.5566265060240965","296","-0.125","0.1486486486486487"
"08 19:20:00","0.6470588235294118","51","10","0.2745098039215687","0.2196078431372549","0.196078431372549","0.211764705882353","259","-0.08108108108108109","0.1235521235521236"
"08 19:40:00","0.7142857142857143","49","14","0.3673469387755102","0.3102040816326531","0.2857142857142857","0.3020408163265306","238","-0.01680672268907563","0.138655462184874"
"08 20:00:00","0.8378378378378378","37","6","0.2972972972972973","0.2027027027027027","0.1621621621621622","0.1891891891891892","234","-0.08974358974358974","0.1265822784810127"
"08 20:20:00","0.8333333333333334","30","5","0.3","0.2066666666666667","0.1666666666666667","0.1933333333333333","213","-0.1596244131455399","0.1157407407407407"
"08 20:40:00","0.7916666666666666","24","2","0.08333333333333333","0.08333333333333333","0.08333333333333333","0.08333333333333333","179","0.01675977653631285","0.09944751381215469"
"09 08:00:00","0.7857142857142857","14","1","0.1428571428571428","0.09285714285714286","0.07142857142857142","0.08571428571428572","182","0.2362637362637363","0.05494505494505494"
"09 08:20:00","0.8823529411764706","17","2","0.2352941176470588","0.1529411764705882","0.1176470588235294","0.1411764705882353","225","0.1377777777777778","0.06666666666666667"
"09 08:40:00","0.9047619047619048","21","1","0.04761904761904762","0.04761904761904762","0.04761904761904762","0.04761904761904762","256","0.19921875","0.0703125"
"09 09:00:00","0.9487179487179487","39","3","0.1025641025641026","0.08461538461538461","0.07692307692307693","0.08205128205128205","307","0.08143322475570032","0.1140065146579805"
"09 09:20:00","1","42","0","","","","","332","0.105421686746988","0.125748502994012"
"09 09:40:00","0.9791666666666666","48","3","0.1041666666666667","0.075","0.0625","0.07083333333333333","367","0.08446866485013624","0.127027027027027"
"09 10:00:00","0.9836065573770492","61","5","0.1475409836065574","0.1016393442622951","0.08196721311475409","0.09508196721311475","398","-0.02010050251256281","0.1446384039900249"
"09 10:20:00","0.9661016949152542","59","0","","","","","390","0.005128205128205128","0.1377551020408163"
"09 10:40:00","0.9240506329113924","79","3","0.06329113924050633","0.04556962025316456","0.0379746835443038","0.0430379746835443","392","0.01785714285714286","0.1852791878172589"
"09 11:00:00","0.8918918918918919","74","8","0.1891891891891892","0.1324324324324324","0.1081081081081081","0.1243243243243243","399","-0.02756892230576441","0.1645885286783042"
"09 11:20:00","0.8596491228070176","57","7","0.1754385964912281","0.1385964912280702","0.1228070175438596","0.1333333333333333","388","-0.09536082474226804","0.1230769230769231"
"09 11:40:00","0.8947368421052632","57","5","0.1228070175438596","0.09824561403508772","0.08771929824561403","0.09473684210526316","351","-0.05413105413105413","0.1444759206798867"
"09 12:00:00","0.9848484848484849","66","4","0.1212121212121212","0.0787878787878788","0.06060606060606061","0.07272727272727272","332","-0.08734939759036145","0.1831831831831832"
"09 12:20:00","0.9411764705882353","51","2","0.05882352941176471","0.04509803921568627","0.0392156862745098","0.04313725490196079","303","0.0198019801980198","0.1584158415841584"
"09 12:40:00","0.975","40","2","0.075","0.0575","0.05","0.05500000000000001","309","-0.03559870550161812","0.1193548387096774"
"09 13:00:00","1","34","0","","","","","298","0.08724832214765101","0.1137123745819398"
"09 13:20:00","1","44","0","","","","","324","0.09259259259259259","0.1261538461538461"
"09 13:40:00","0.9242424242424242","66","0","","","","","354","0.03954802259887006","0.1633802816901408"
"09 14:00:00","0.9375","48","3","0.08333333333333333","0.06874999999999999","0.0625","0.06666666666666667","368","0.01630434782608696","0.1165311653116531"
"09 14:20:00","1","43","0","","","","","374","0.02406417112299465","0.1146666666666667"
"09 14:40:00","0.9836065573770492","61","2","0.03278688524590164","0.03278688524590164","0.03278688524590164","0.03278688524590164","383","-0.02088772845953003","0.1510416666666667"
"09 15:00:00","0.9420289855072463","69","0","","","","","375","0.01866666666666667","0.1644562334217507"
"09 15:20:00","0.9354838709677419","62","4","0.09677419354838709","0.07419354838709677","0.06451612903225806","0.07096774193548387","382","-0.005235602094240838","0.1380208333333333"
"09 15:40:00","0.9466666666666667","75","2","0.04","0.03066666666666666","0.02666666666666667","0.02933333333333334","380","0.02105263157894737","0.1863517060367454"
"09 16:00:00","0.8222222222222222","90","7","0.08888888888888889","0.08111111111111111","0.07777777777777778","0.08","388","-0.01030927835051546","0.1799485861182519"
"09 16:20:00","0.9333333333333333","75","5","0.09333333333333334","0.07466666666666666","0.06666666666666667","0.07200000000000001","384","0.01302083333333333","0.1792207792207792"
"09 16:40:00","0.8095238095238095","105","16","0.2571428571428571","0.1838095238095238","0.1523809523809524","0.1733333333333333","389","-0.01542416452442159","0.2025641025641026"
"09 17:00:00","0.8513513513513513","74","7","0.1081081081081081","0.09864864864864864","0.0945945945945946","0.0972972972972973","383","-0.02349869451697128","0.1588541666666667"
"09 17:20:00","0.796875","64","8","0.21875","0.153125","0.125","0.14375","374","0.0106951871657754","0.128"
"09 17:40:00","0.8846153846153846","78","3","0.05128205128205128","0.0423076923076923","0.03846153846153846","0.04102564102564103","378","-0.02645502645502645","0.1763157894736842"
"09 18:00:00","0.8556701030927835","97","8","0.1237113402061856","0.09484536082474226","0.08247422680412371","0.09072164948453609","368","-0.03804347826086957","0.2108108108108108"
"09 18:20:00","0.7857142857142857","70","7","0.1428571428571428","0.1128571428571429","0.1","0.1085714285714286","354","-0.01412429378531073","0.1460674157303371"
"09 18:40:00","0.835820895522388","67","11","0.2686567164179104","0.1955223880597015","0.1641791044776119","0.1850746268656716","349","-0.03438395415472779","0.1566951566951567"
"09 19:00:00","0.7291666666666666","96","23","0.40625","0.2895833333333334","0.2395833333333333","0.2729166666666666","337","-0.04154302670623145","0.1887905604719764"
"09 19:20:00","0.8125","64","9","0.1875","0.1546875","0.140625","0.15","323","-0.108359133126935","0.1476923076923077"
"09 19:40:00","0.9215686274509803","51","6","0.196078431372549","0.1411764705882353","0.1176470588235294","0.1333333333333333","288","-0.03125","0.1557093425605536"
"09 20:00:00","0.9459459459459459","37","4","0.1891891891891892","0.1324324324324324","0.1081081081081081","0.1243243243243243","279","-0.05376344086021505","0.1245551601423488"
"09 20:20:00","0.8888888888888888","27","0","","","","","264","-0.1212121212121212","0.09022556390977443"
"09 20:40:00","0.8","25","6","0.4","0.288","0.24","0.272","232","0.03879310344827586","0.07725321888412018"
"10 08:00:00","1","14","2","0.1428571428571428","0.1428571428571428","0.1428571428571428","0.1428571428571428","241","0.3236514522821577","0.05809128630705394"
"10 08:20:00","1","16","1","0.0625","0.0625","0.0625","0.0625","319","0.2225705329153605","0.05031446540880503"
"10 08:40:00","0.9","30","1","0.06666666666666667","0.04333333333333333","0.03333333333333333","0.04","390","0.1025641025641026","0.06958762886597938"
"10 09:00:00","0.8870967741935484","62","7","0.1451612903225807","0.1225806451612903","0.1129032258064516","0.1193548387096774","430","0.1255813953488372","0.1258741258741259"
"10 09:20:00","0.9859154929577465","71","6","0.1267605633802817","0.09718309859154931","0.08450704225352113","0.09295774647887324","484","0.07851239669421488","0.1428571428571428"
"10 09:40:00","0.9838709677419355","62","2","0.04838709677419355","0.03709677419354838","0.03225806451612903","0.03548387096774194","522","0.02681992337164751","0.1173076923076923"
"10 10:00:00","0.92","75","5","0.1066666666666667","0.07866666666666668","0.06666666666666667","0.07466666666666666","536","0.03171641791044776","0.1273408239700375"
"10 10:20:00","0.9625","80","1","0.0125","0.0125","0.0125","0.0125","553","0.02893309222423146","0.1358695652173913"
"10 10:40:00","0.889763779527559","127","15","0.1653543307086614","0.1322834645669291","0.1181102362204724","0.1275590551181102","569","-0.005272407732864675","0.1795774647887324"
"10 11:00:00","0.8602941176470589","136","13","0.1470588235294118","0.1110294117647059","0.09558823529411764","0.1058823529411765","566","0.01060070671378092","0.1914893617021277"
"10 11:20:00","0.9090909090909091","99","14","0.2323232323232323","0.1686868686868687","0.1414141414141414","0.1595959595959596","572","-0.01923076923076923","0.1526315789473684"
"10 11:40:00","0.8969072164948454","97","8","0.1237113402061856","0.09484536082474226","0.08247422680412371","0.09072164948453609","561","-0.03208556149732621","0.148479427549195"
"10 12:00:00","0.935064935064935","77","0","","","","","543","-0.02762430939226519","0.1291512915129151"
"10 12:20:00","0.9402985074626866","67","1","0.02985074626865672","0.01940298507462686","0.01492537313432836","0.01791044776119403","528","-0.06060606060606061","0.1159695817490494"
"10 12:40:00","0.9743589743589743","39","2","0.07692307692307693","0.05897435897435897","0.05128205128205128","0.05641025641025642","496","-0.05241935483870968","0.07692307692307693"
"10 13:00:00","0.9583333333333334","48","1","0.04166666666666666","0.02708333333333333","0.02083333333333333","0.025","470","0.0148936170212766","0.09635974304068523"
"10 13:20:00","0.9259259259259259","54","9","0.2037037037037037","0.1777777777777778","0.1666666666666667","0.1740740740740741","477","0.02935010482180294","0.1052631578947368"
"10 13:40:00","0.9302325581395349","86","9","0.1395348837209302","0.1151162790697674","0.1046511627906977","0.1116279069767442","491","0.08757637474541752","0.1571428571428571"
"10 14:00:00","0.945054945054945","91","10","0.1648351648351648","0.1263736263736264","0.1098901098901099","0.1208791208791209","534","0.04868913857677903","0.1594746716697936"
"10 14:20:00","0.8317757009345794","107","17","0.2523364485981308","0.1869158878504673","0.1588785046728972","0.1775700934579439","560","0.06071428571428571","0.1523297491039426"
"10 14:40:00","0.9105691056910569","123","21","0.2601626016260163","0.1975609756097561","0.1707317073170732","0.1886178861788618","594","0.02356902356902357","0.1835016835016835"
"10 15:00:00","0.897196261682243","107","14","0.1962616822429906","0.1504672897196262","0.1308411214953271","0.1439252336448598","608","0.009868421052631578","0.15625"
"10 15:20:00","0.8723404255319149","94","8","0.1595744680851064","0.1074468085106383","0.0851063829787234","0.1","614","0.02605863192182411","0.1319218241042345"
"10 15:40:00","0.9615384615384616","104","4","0.04807692307692308","0.04134615384615384","0.03846153846153846","0.04038461538461539","630","0.001587301587301587","0.151033386327504"
"10 16:00:00","0.9611650485436893","103","11","0.145631067961165","0.1184466019417476","0.1067961165048544","0.1145631067961165","631","-0.004754358161648178","0.1523809523809524"
"10 16:20:00","0.9545454545454546","88","12","0.1818181818181818","0.15","0.1363636363636364","0.1454545454545455","628","-0.02070063694267516","0.1291866028708134"
"10 16:40:00","0.9565217391304348","69","3","0.07246376811594203","0.05217391304347826","0.04347826086956522","0.04927536231884058","615","-0.02276422764227642","0.1040650406504065"
"10 17:00:00","0.9859154929577465","71","3","0.04225352112676056","0.04225352112676056","0.04225352112676056","0.04225352112676056","601","-0.01331114808652246","0.1164725457570715"
"10 17:20:00","0.9230769230769231","78","4","0.07692307692307693","0.05897435897435897","0.05128205128205128","0.05641025641025642","593","-0.03204047217537943","0.1165540540540541"
"10 17:40:00","0.9142857142857143","70","5","0.1","0.08","0.07142857142857142","0.07714285714285715","574","-0.01742160278745645","0.1101398601398601"
"10 18:00:00","0.8910891089108911","101","8","0.1386138613861386","0.09702970297029703","0.07920792079207921","0.09108910891089109","564","-0.1046099290780142","0.152753108348135"
"10 18:20:00","0.9516129032258065","62","3","0.06451612903225806","0.0532258064516129","0.04838709677419355","0.05161290322580645","505","-0.00198019801980198","0.1150793650793651"
"10 18:40:00","0.8648648648648649","74","11","0.2702702702702703","0.1851351351351351","0.1486486486486487","0.172972972972973","504","-0.08134920634920635","0.1232604373757455"
"10 19:00:00","0.8780487804878049","41","1","0.02439024390243903","0.02439024390243903","0.02439024390243903","0.02439024390243903","463","-0.09071274298056156","0.0735930735930736"
"10 19:20:00","0.8780487804878049","41","4","0.0975609756097561","0.0975609756097561","0.0975609756097561","0.0975609756097561","421","-0.1163895486935867","0.08333333333333333"
"10 19:40:00","0.8717948717948718","39","6","0.2307692307692308","0.1769230769230769","0.1538461538461539","0.1692307692307692","372","-0.07526881720430108","0.08870967741935484"
"10 20:00:00","0.8863636363636364","44","9","0.3181818181818182","0.2386363636363636","0.2045454545454546","0.2272727272727273","344","-0.1220930232558139","0.1101449275362319"
"10 20:20:00","0.5769230769230769","26","11","0.5384615384615384","0.4576923076923077","0.4230769230769231","0.4461538461538461","302","-0.1622516556291391","0.0462046204620462"
"10 20:40:00","0.5714285714285714","35","13","0.6285714285714286","0.4485714285714286","0.3714285714285714","0.4228571428571429","253","0","0.07905138339920949"
"11 08:00:00","0.9090909090909091","11","1","0.1818181818181818","0.1181818181818182","0.09090909090909091","0.1090909090909091","253","0.3438735177865613","0.03937007874015748"
"11 08:20:00","0.9655172413793104","29","1","0.03448275862068965","0.03448275862068965","0.03448275862068965","0.03448275862068965","340","0.2","0.08235294117647059"
"11 08:40:00","0.9117647058823529","34","3","0.1176470588235294","0.09705882352941175","0.08823529411764706","0.09411764705882353","408","0.1715686274509804","0.07616707616707617"
"11 09:00:00","0.9245283018867925","53","2","0.05660377358490566","0.04339622641509434","0.03773584905660377","0.04150943396226416","478","0.07949790794979079","0.1006289308176101"
"11 09:20:00","0.9178082191780822","73","2","0.0410958904109589","0.03150684931506849","0.0273972602739726","0.03013698630136986","516","0.07945736434108527","0.1257253384912959"
"11 09:40:00","0.9","60","3","0.08333333333333333","0.06","0.05","0.05666666666666666","557","0.06104129263913824","0.09156193895870736"
"11 10:00:00","0.9361702127659575","94","7","0.09574468085106383","0.08085106382978723","0.07446808510638298","0.07872340425531915","591","-0.00338409475465313","0.1457627118644068"
"11 10:20:00","0.9069767441860465","86","7","0.1395348837209302","0.09883720930232558","0.08139534883720931","0.09302325581395349","589","0.02886247877758913","0.1273344651952462"
"11 10:40:00","0.900990099009901","101","7","0.1188118811881188","0.08415841584158416","0.06930693069306931","0.07920792079207921","606","0.03795379537953796","0.1485148514851485"
"11 11:00:00","0.8787878787878788","132","14","0.1590909090909091","0.121969696969697","0.1060606060606061","0.1166666666666667","629","-0.001589825119236884","0.1761904761904762"
"11 11:20:00","0.8852459016393442","122","14","0.180327868852459","0.1344262295081967","0.1147540983606557","0.1278688524590164","628","-0.03980891719745223","0.1658692185007974"
"11 11:40:00","0.9021739130434783","92","11","0.1739130434782609","0.1358695652173913","0.1195652173913044","0.1304347826086956","603","-0.06633499170812604","0.1314475873544093"
"11 12:00:00","0.8645833333333334","96","6","0.09375","0.07187500000000001","0.0625","0.06874999999999999","563","-0.02309058614564831","0.1461675579322638"
"11 12:20:00","0.9117647058823529","68","7","0.1470588235294118","0.1161764705882353","0.1029411764705882","0.1117647058823529","550","-0.05272727272727273","0.1113138686131387"
"11 12:40:00","0.9399999999999999","50","0","","","","","521","-0.03838771593090211","0.08880308880308881"
"11 13:00:00","0.9375","64","1","0.03125","0.0203125","0.015625","0.01875","501","0.0219560878243513","0.118"
"11 13:20:00","0.9428571428571428","70","5","0.1142857142857143","0.0842857142857143","0.07142857142857142","0.08","512","0.029296875","0.1215686274509804"
"11 13:40:00","0.896551724137931","87","9","0.1609195402298851","0.1206896551724138","0.103448275862069","0.1149425287356322","527","0.07779886148007591","0.1447619047619048"
"11 14:00:00","0.8253968253968254","126","15","0.1666666666666667","0.1333333333333333","0.119047619047619","0.1285714285714286","568","0.06161971830985916","0.1731448763250883"
"11 14:20:00","0.8571428571428571","119","19","0.2605042016806723","0.1899159663865546","0.1596638655462185","0.1798319327731092","603","0.003316749585406302","0.1647254575707155"
"11 14:40:00","0.8549618320610687","131","22","0.2366412213740458","0.1885496183206107","0.1679389312977099","0.1816793893129771","605","0.04958677685950413","0.1771523178807947"
"11 15:00:00","0.8222222222222222","135","21","0.237037037037037","0.18","0.1555555555555556","0.1718518518518518","635","0.05826771653543307","0.165615141955836"
"11 15:20:00","0.9243697478991597","119","27","0.3109243697478992","0.2521008403361344","0.226890756302521","0.2436974789915966","672","0.01785714285714286","0.1564828614008942"
"11 15:40:00","0.8955223880597015","134","17","0.1865671641791045","0.1447761194029851","0.1268656716417911","0.1388059701492537","684","-0.007309941520467836","0.1708029197080292"
"11 16:00:00","0.8650793650793651","126","15","0.1666666666666667","0.1333333333333333","0.119047619047619","0.1285714285714286","679","-0.02798232695139912","0.1512481644640235"
"11 16:20:00","0.8849557522123894","113","10","0.1504424778761062","0.1070796460176991","0.08849557522123894","0.1008849557522124","660","0","0.1452344931921331"
"11 16:40:00","0.9166666666666666","108","11","0.1666666666666667","0.1212962962962963","0.1018518518518518","0.1148148148148148","660","-0.007575757575757576","0.1409090909090909"
"11 17:00:00","0.8446601941747572","103","11","0.1359223300970874","0.1155339805825243","0.1067961165048544","0.112621359223301","655","-0.0900763358778626","0.1269113149847095"
"11 17:20:00","0.79","100","15","0.19","0.162","0.15","0.158","596","-0.02516778523489933","0.1260504201680672"
"11 17:40:00","0.813953488372093","86","14","0.2325581395348837","0.1837209302325581","0.1627906976744186","0.1767441860465116","581","-0.07917383820998279","0.1187607573149742"
"11 18:00:00","0.8958333333333334","96","20","0.3020833333333333","0.2364583333333333","0.2083333333333333","0.2270833333333333","535","-0.03364485981308411","0.1548507462686567"
"11 18:20:00","0.8292682926829268","82","16","0.2926829268292683","0.224390243902439","0.1951219512195122","0.2146341463414634","517","-0.08317214700193423","0.1276595744680851"
"11 18:40:00","0.9101123595505618","89","13","0.2808988764044944","0.1865168539325843","0.1460674157303371","0.1730337078651686","474","-0.07383966244725738","0.1645569620253164"
"11 19:00:00","0.8484848484848485","66","12","0.2878787878787879","0.2136363636363636","0.1818181818181818","0.203030303030303","439","-0.04100227790432802","0.1201814058956916"
"11 19:20:00","0.864406779661017","59","4","0.1016949152542373","0.07796610169491525","0.06779661016949153","0.07457627118644068","421","-0.07125890736342043","0.1184834123222749"
"11 19:40:00","0.8909090909090909","55","7","0.2","0.1490909090909091","0.1272727272727273","0.1418181818181818","391","-0.07416879795396419","0.1224489795918367"
"11 20:00:00","0.8571428571428571","56","13","0.3214285714285715","0.2589285714285715","0.2321428571428572","0.25","362","-0.06629834254143646","0.1263736263736264"
"11 20:20:00","0.813953488372093","43","10","0.3255813953488372","0.2604651162790698","0.2325581395348837","0.2511627906976744","338","-0.1479289940828402","0.09467455621301775"
"11 20:40:00","0.875","24","6","0.375","0.2875","0.25","0.275","288","-0.1979166666666667","0.07317073170731707"
"12 08:00:00","1","18","2","0.1666666666666667","0.1277777777777778","0.1111111111111111","0.1222222222222222","231","0.3333333333333333","0.07792207792207792"
"12 08:20:00","1","19","0","","","","","308","0.2564935064935065","0.06188925081433225"
"12 08:40:00","1","33","1","0.0303030303030303","0.0303030303030303","0.0303030303030303","0.0303030303030303","387","0.06459948320413436","0.08571428571428572"
"12 09:00:00","0.9166666666666666","36","9","0.3611111111111111","0.2833333333333333","0.25","0.2722222222222223","412","0.09466019417475728","0.07804878048780488"
"12 09:20:00","0.9347826086956522","46","3","0.06521739130434782","0.06521739130434782","0.06521739130434782","0.06521739130434782","451","0.1286031042128603","0.09513274336283185"
"12 09:40:00","0.7971014492753623","69","9","0.2318840579710145","0.1608695652173913","0.1304347826086956","0.1507246376811594","509","0.06286836935166994","0.106090373280943"
"12 10:00:00","0.9186046511627907","86","10","0.1976744186046512","0.1406976744186046","0.1162790697674419","0.1325581395348837","541","0.07578558225508318","0.1447124304267161"
"12 10:20:00","0.8640776699029126","103","21","0.2621359223300971","0.2213592233009709","0.2038834951456311","0.2155339805825243","582","0.001718213058419244","0.1492281303602058"
"12 10:40:00","0.7664233576642335","137","17","0.1605839416058394","0.135036496350365","0.1240875912408759","0.1313868613138686","583","0.01715265866209262","0.1783876500857633"
"12 11:00:00","0.811965811965812","117","14","0.1709401709401709","0.1350427350427351","0.1196581196581197","0.1299145299145299","593","-0.05227655986509275","0.1551433389544688"
"12 11:20:00","0.8494623655913979","93","18","0.2688172043010753","0.2161290322580645","0.1935483870967742","0.2086021505376344","562","-0.008896797153024912","0.1392857142857143"
"12 11:40:00","0.839622641509434","106","21","0.3018867924528302","0.2292452830188679","0.1981132075471698","0.2188679245283019","557","-0.02872531418312388","0.1513513513513514"
"12 12:00:00","0.8461538461538461","65","17","0.3846153846153846","0.2984615384615384","0.2615384615384616","0.2861538461538462","541","-0.06099815157116451","0.1"
"12 12:20:00","0.8833333333333333","60","5","0.1333333333333333","0.09833333333333334","0.08333333333333333","0.09333333333333332","508","0.001968503937007874","0.09861932938856016"
"12 12:40:00","0.9107142857142857","56","3","0.07142857142857142","0.05892857142857143","0.05357142857142857","0.05714285714285715","509","0.01571709233791748","0.09467455621301775"
"12 13:00:00","0.9259259259259259","54","0","","","","","517","0.03481624758220503","0.09514563106796116"
"12 13:20:00","0.9459459459459459","74","4","0.08108108108108109","0.06216216216216216","0.05405405405405406","0.05945945945945946","535","0.0485981308411215","0.1294559099437148"
"12 13:40:00","0.8735632183908046","87","5","0.06896551724137931","0.06091954022988506","0.05747126436781609","0.05977011494252873","561","0.0445632798573975","0.1323792486583184"
"12 14:00:00","0.9142857142857143","105","8","0.1142857142857143","0.08761904761904761","0.0761904761904762","0.08380952380952382","586","0.04778156996587031","0.1575342465753425"
"12 14:20:00","0.8333333333333334","120","16","0.2","0.1533333333333333","0.1333333333333333","0.1466666666666667","614","0.05211726384364821","0.1601307189542484"
"12 14:40:00","0.8448275862068966","116","13","0.1724137931034483","0.1301724137931035","0.1120689655172414","0.1241379310344828","646","-0.007739938080495356","0.1457364341085271"
"12 15:00:00","0.9312977099236641","131","15","0.1908396946564886","0.1374045801526718","0.1145038167938931","0.1297709923664122","641","0.0265210608424337","0.1752738654147105"
"12 15:20:00","0.8936170212765957","141","11","0.1205673758865248","0.09078014184397164","0.07801418439716312","0.08652482269503546","658","0.02127659574468085","0.1829268292682927"
"12 15:40:00","0.963302752293578","109","9","0.1284403669724771","0.0963302752293578","0.08256880733944955","0.09174311926605505","672","0.01785714285714286","0.1522388059701492"
"12 16:00:00","0.9159663865546218","119","10","0.1176470588235294","0.09411764705882353","0.08403361344537816","0.09075630252100841","684","-0.05409356725146199","0.1537335285505124"
"12 16:20:00","0.8115942028985508","138","23","0.2536231884057971","0.1927536231884058","0.1666666666666667","0.1840579710144928","647","-0.05255023183925812","0.1682098765432099"
"12 16:40:00","0.8969072164948454","97","11","0.2061855670103093","0.1412371134020619","0.1134020618556701","0.1319587628865979","613","0.004893964110929853","0.1349593495934959"
"12 17:00:00","0.9125","80","4","0.08749999999999999","0.06125000000000001","0.05","0.0575","616","-0.01948051948051948","0.1183144246353322"
"12 17:20:00","0.9456521739130435","92","7","0.1304347826086956","0.09239130434782608","0.07608695652173914","0.08695652173913043","604","-0.05960264900662252","0.143801652892562"
"12 17:40:00","0.8859649122807017","114","13","0.1578947368421053","0.1271929824561404","0.1140350877192982","0.1228070175438596","568","0.02464788732394366","0.1722319859402461"
"12 18:00:00","0.9420289855072463","69","8","0.1739130434782609","0.1333333333333333","0.1159420289855072","0.127536231884058","582","-0.01890034364261168","0.1113013698630137"
"12 18:20:00","0.9302325581395349","86","6","0.1279069767441861","0.0872093023255814","0.06976744186046512","0.08139534883720931","571","-0.04903677758318739","0.1358885017421603"
"12 18:40:00","0.9142857142857143","70","5","0.1285714285714286","0.08857142857142858","0.07142857142857142","0.08285714285714285","543","-0.04972375690607735","0.1170018281535649"
"12 19:00:00","0.9642857142857143","56","2","0.03571428571428571","0.03571428571428571","0.03571428571428571","0.03571428571428571","516","-0.09496124031007752","0.1"
"12 19:20:00","0.8461538461538461","65","5","0.1230769230769231","0.09076923076923077","0.07692307692307693","0.08615384615384615","467","-0.132762312633833","0.1130063965884861"
"12 19:40:00","0.8448275862068966","58","3","0.08620689655172414","0.06206896551724138","0.05172413793103448","0.05862068965517241","405","-0.08395061728395062","0.1206896551724138"
"12 20:00:00","0.7758620689655172","58","9","0.2413793103448276","0.1810344827586207","0.1551724137931035","0.1724137931034483","371","-0.07277628032345014","0.1129032258064516"
"12 20:20:00","0.8823529411764706","34","1","0.02941176470588235","0.02941176470588235","0.02941176470588235","0.02941176470588235","344","-0.1220930232558139","0.08695652173913043"
"12 20:40:00","0.7368421052631579","19","1","0.1052631578947368","0.06842105263157895","0.05263157894736842","0.06315789473684211","302","-0.3741721854304636","0.0462046204620462"
"13 08:00:00","0.85","20","3","0.25","0.18","0.15","0.17","189","0.417989417989418","0.08947368421052632"
"13 08:20:00","0.6666666666666666","30","1","0.06666666666666667","0.04333333333333333","0.03333333333333333","0.04","268","0.05970149253731343","0.07407407407407407"
"13 08:40:00","0.8823529411764706","34","3","0.1764705882352941","0.1147058823529412","0.08823529411764706","0.1058823529411765","284","0.426056338028169","0.1052631578947368"
"13 09:00:00","0.9361702127659575","47","3","0.0851063829787234","0.0702127659574468","0.06382978723404255","0.06808510638297872","405","0.3580246913580247","0.1059113300492611"
"13 09:20:00","0.8266666666666667","75","6","0.09333333333333334","0.08399999999999999","0.08","0.08266666666666667","550","0.0890909090909091","0.1213768115942029"
"13 09:40:00","0.92","75","9","0.1733333333333333","0.136","0.12","0.1306666666666667","599","0.01168614357262104","0.09833333333333333"
"13 10:00:00","0.9104477611940298","67","6","0.08955223880597014","0.08955223880597014","0.08955223880597014","0.08955223880597014","606","0.033003300330033","0.1299342105263158"
"13 10:20:00","0.9302325581395349","86","10","0.1976744186046512","0.1406976744186046","0.1162790697674419","0.1325581395348837","626","0.01118210862619808","0.152"
"13 10:40:00","0.9252336448598131","107","11","0.1401869158878505","0.114018691588785","0.102803738317757","0.1102803738317757","633","0","0.1800947867298578"
"13 11:00:00","0.8872180451127819","133","16","0.1804511278195489","0.1383458646616541","0.1203007518796992","0.1323308270676692","633","0.01105845181674566","0.1674565560821485"
"13 11:20:00","0.8671875","128","14","0.140625","0.11875","0.109375","0.115625","640","-0.046875","0.1111111111111111"
"13 11:40:00","0.8588235294117647","85","8","0.1647058823529412","0.1152941176470588","0.09411764705882353","0.1082352941176471","610","-0.03770491803278689","0.07855973813420622"
"13 12:00:00","0.9245283018867925","53","5","0.1509433962264151","0.1113207547169811","0.09433962264150944","0.1056603773584906","587","-0.06132879045996593","0.07482993197278912"
"13 12:20:00","0.9399999999999999","50","1","0.04","0.026","0.02","0.024","551","-0.03629764065335753","0.08679927667269439"
"13 12:40:00","0.9056603773584906","53","3","0.05660377358490566","0.05660377358490566","0.05660377358490566","0.05660377358490566","531","0.02259887005649718","0.1353383458646616"
"13 13:00:00","0.8674698795180723","83","4","0.08433734939759036","0.05903614457831326","0.04819277108433735","0.05542168674698795","543","0.001841620626151013","0.1158088235294118"
"13 13:20:00","0.9305555555555556","72","5","0.1111111111111111","0.08194444444444444","0.06944444444444445","0.07777777777777778","544","0.09007352941176471","0.1352833638025594"
"13 13:40:00","0.9058823529411765","85","5","0.09411764705882353","0.06941176470588235","0.05882352941176471","0.06588235294117646","593","0.04890387858347386","0.1644295302013423"
"13 14:00:00","0.9203539823008849","113","4","0.06194690265486726","0.04336283185840709","0.03539823008849557","0.04070796460176991","622","0.03536977491961415","0.1618589743589744"
"13 14:20:00","0.9210526315789473","114","9","0.1052631578947368","0.0868421052631579","0.07894736842105263","0.08421052631578947","644","0.04503105590062112","0.1437403400309119"
"13 14:40:00","0.8962264150943396","106","7","0.09433962264150944","0.07452830188679245","0.0660377358490566","0.07169811320754717","673","0.02823179791976226","0.1585185185185185"
"13 15:00:00","0.9186991869918699","123","5","0.06504065040650407","0.04796747967479675","0.04065040650406504","0.04552845528455284","692","0.008670520231213872","0.1471861471861472"
"13 15:20:00","0.981651376146789","109","2","0.02752293577981652","0.02110091743119266","0.01834862385321101","0.02018348623853211","698","0","0.1616595135908441"
"13 15:40:00","0.9426229508196722","122","2","0.02459016393442623","0.01885245901639344","0.01639344262295082","0.0180327868852459","698","-0.005730659025787965","0.1316165951359085"
"13 16:00:00","0.9215686274509803","102","4","0.05882352941176471","0.04509803921568627","0.0392156862745098","0.04313725490196079","694","-0.02305475504322766","0.1566091954022988"
"13 16:20:00","0.9747899159663865","119","7","0.1008403361344538","0.07142857142857142","0.05882352941176471","0.06722689075630252","678","-0.01474926253687316","0.1209439528023599"
"13 16:40:00","0.9659090909090909","88","3","0.05681818181818182","0.04090909090909091","0.03409090909090909","0.03863636363636364","668","-0.0374251497005988","0.1165919282511211"
"13 17:00:00","0.9120879120879121","91","2","0.02197802197802198","0.02197802197802198","0.02197802197802198","0.02197802197802198","643","-0.04354587869362364","0.1102484472049689"
"13 17:20:00","0.8902439024390244","82","4","0.07317073170731707","0.05609756097560975","0.04878048780487805","0.05365853658536586","615","-0.04390243902439024","0.1219512195121951"
"13 17:40:00","0.9259259259259259","81","7","0.1728395061728395","0.1123456790123457","0.08641975308641975","0.1037037037037037","588","-0.03061224489795918","0.1224489795918367"
"13 18:00:00","0.9240506329113924","79","10","0.2278481012658228","0.1569620253164557","0.1265822784810127","0.1468354430379747","570","-0.01929824561403509","0.1138353765323993"
"13 18:20:00","0.9420289855072463","69","10","0.2173913043478261","0.1666666666666667","0.1449275362318841","0.1594202898550725","559","-0.05724508050089445","0.1192170818505338"
"13 18:40:00","0.9333333333333333","75","9","0.1866666666666667","0.14","0.12","0.1333333333333333","527","-0.07969639468690702","0.1132075471698113"
"13 19:00:00","0.9253731343283582","67","3","0.05970149253731343","0.04925373134328358","0.04477611940298507","0.04776119402985075","485","-0.1381443298969072","0.09426229508196721"
"13 19:20:00","0.96","50","1","0.04","0.026","0.02","0.024","418","-0.0215311004784689","0.06921241050119331"
"13 19:40:00","0.8285714285714286","35","2","0.08571428571428572","0.06571428571428571","0.05714285714285714","0.06285714285714286","409","-0.117359413202934","0.09732360097323602"
"13 20:00:00","0.8888888888888888","45","6","0.2222222222222222","0.16","0.1333333333333333","0.1511111111111111","361","-0.05540166204986149","0.0743801652892562"
"13 20:20:00","0.9655172413793104","29","1","0.06896551724137931","0.04482758620689655","0.03448275862068965","0.04137931034482759","341","-0.07331378299120235","0.07309941520467836"
"13 20:40:00","0.9259259259259259","27","3","0.1851851851851852","0.1333333333333333","0.1111111111111111","0.1259259259259259","316","0.3006329113924051","0.07278481012658228"
"14 08:00:00","0.9230769230769231","26","2","0.1153846153846154","0.08846153846153845","0.07692307692307693","0.08461538461538462","411","0.1873479318734793","0.1246943765281174"
"14 08:20:00","0.9818181818181818","55","1","0.01818181818181818","0.01818181818181818","0.01818181818181818","0.01818181818181818","488","0.1147540983606557","0.09426229508196721"
"14 08:40:00","0.8867924528301887","53","1","0.03773584905660377","0.02452830188679245","0.01886792452830189","0.02264150943396226","544","0.1047794117647059","0.1452205882352941"
"14 09:00:00","0.9540229885057471","87","5","0.08045977011494253","0.06436781609195402","0.05747126436781609","0.06206896551724139","601","0.07321131447587355","0.13"
"14 09:20:00","0.9204545454545454","88","2","0.04545454545454546","0.02954545454545454","0.02272727272727273","0.02727272727272727","645","0.04651162790697674","0.1178294573643411"
"14 09:40:00","0.9512195121951219","82","2","0.02439024390243903","0.02439024390243903","0.02439024390243903","0.02439024390243903","675","0.03111111111111111","0.1837037037037037"
"14 10:00:00","0.9440559440559441","143","9","0.09090909090909091","0.07132867132867132","0.06293706293706294","0.06853146853146853","696","0.007183908045977011","0.1779053084648494"
"14 10:20:00","0.9562043795620438","137","5","0.05109489051094891","0.04087591240875912","0.0364963503649635","0.03941605839416059","701","-0.00427960057061341","0.202567760342368"
"14 10:40:00","0.8850574712643678","174","17","0.1379310344827586","0.1097701149425287","0.09770114942528736","0.1057471264367816","698","0.0171919770773639","0.2174535050071531"
"14 11:00:00","0.9235294117647059","170","16","0.1470588235294118","0.11","0.09411764705882353","0.1047058823529412","710","-0.01126760563380282","0.1645569620253164"
"14 11:20:00","0.9523809523809523","126","6","0.05555555555555555","0.05","0.04761904761904762","0.04920634920634921","702","-0.08404558404558404","0.1507823613086771"
"14 11:40:00","0.9322033898305084","118","4","0.05932203389830509","0.04152542372881356","0.03389830508474576","0.03898305084745762","643","-0.05909797822706065","0.1661490683229814"
"14 12:00:00","0.8976377952755905","127","6","0.07086614173228346","0.05433070866141733","0.04724409448818898","0.05196850393700787","605","-0.04297520661157025","0.1452145214521452"
"14 12:20:00","0.9680851063829787","94","2","0.0425531914893617","0.02765957446808511","0.02127659574468085","0.02553191489361702","579","0.005181347150259068","0.1137931034482759"
"14 12:40:00","0.96","75","1","0.02666666666666667","0.01733333333333333","0.01333333333333333","0.016","582","-0.05498281786941581","0.1709401709401709"
"14 13:00:00","0.9279279279279279","111","5","0.07207207207207207","0.05315315315315316","0.04504504504504504","0.05045045045045045","550","0.02727272727272727","0.18"
"14 13:20:00","0.8739495798319328","119","8","0.08403361344537816","0.0722689075630252","0.06722689075630252","0.07058823529411765","565","0.09203539823008849","0.2314487632508834"
"14 13:40:00","0.9530201342281879","149","17","0.1677852348993289","0.1302013422818792","0.1140939597315436","0.1248322147651007","617","0.03403565640194489","0.2568659127625202"
"14 14:00:00","0.8969072164948454","194","43","0.3350515463917526","0.2556701030927835","0.2216494845360825","0.2443298969072165","638","0.04545454545454546","0.2203125"
"14 14:20:00","0.7801047120418848","191","59","0.4397905759162304","0.3481675392670157","0.3089005235602094","0.3350785340314136","667","0.03148425787106447","0.2350299401197605"
"14 14:40:00","0.8291457286432161","199","50","0.3467336683417085","0.2798994974874372","0.2512562814070352","0.2703517587939698","688","0.02906976744186046","0.2141823444283647"
"14 15:00:00","0.8820224719101124","178","30","0.2303370786516854","0.1870786516853933","0.1685393258426966","0.1808988764044944","708","0.01412429378531073","0.2306610407876231"
"14 15:20:00","0.8413461538461539","208","50","0.3557692307692308","0.275","0.2403846153846154","0.2634615384615385","718","-0.006963788300835654","0.2368421052631579"
"14 15:40:00","0.861244019138756","209","43","0.3301435406698565","0.2430622009569378","0.2057416267942584","0.230622009569378","713","0.01542776998597475","0.2053072625698324"
"14 16:00:00","0.8478260869565217","184","51","0.4130434782608696","0.3179347826086957","0.2771739130434783","0.3043478260869565","724","-0.06629834254143646","0.2038567493112948"
"14 16:20:00","0.8153846153846154","195","50","0.4051282051282051","0.3010256410256411","0.2564102564102564","0.2861538461538461","676","-0.02071005917159763","0.1233480176211454"
"14 16:40:00","0.8095238095238095","105","18","0.2666666666666667","0.2","0.1714285714285714","0.1904761904761905","662","-0.03927492447129909","0.1900452488687783"
"14 17:00:00","0.8807947019867549","151","21","0.2052980132450331","0.1589403973509934","0.1390728476821192","0.152317880794702","636","-0.01572327044025157","0.1852433281004709"
"14 17:20:00","0.8116883116883117","154","32","0.2987012987012987","0.2350649350649351","0.2077922077922078","0.225974025974026","626","-0.01916932907348243","0.1757188498402556"
"14 17:40:00","0.759493670886076","158","38","0.379746835443038","0.2822784810126582","0.2405063291139241","0.2683544303797468","614","-0.05374592833876222","0.2195121951219512"
"14 18:00:00","0.8152173913043478","184","56","0.4728260869565217","0.3548913043478261","0.3043478260869565","0.3380434782608696","581","-0.04130808950086059","0.1903945111492281"
"14 18:20:00","0.7597402597402597","154","47","0.4285714285714285","0.3422077922077922","0.3051948051948052","0.3298701298701299","557","-0.0933572710951526","0.1921708185053381"
"14 18:40:00","0.7549668874172185","151","48","0.4437086092715232","0.3556291390728477","0.3178807947019868","0.343046357615894","505","-0.05742574257425743","0.174852652259332"
"14 19:00:00","0.8211382113821138","123","41","0.4878048780487805","0.3796747967479675","0.3333333333333333","0.3642276422764227","476","-0.05882352941176471","0.1924686192468619"
"14 19:20:00","0.7741935483870968","124","29","0.3629032258064516","0.2725806451612903","0.2338709677419355","0.2596774193548387","448","-0.09598214285714286","0.1374722838137472"
"14 19:40:00","0.8227848101265823","79","14","0.2784810126582278","0.2075949367088607","0.1772151898734177","0.1974683544303797","405","-0.1111111111111111","0.1470588235294118"
"14 20:00:00","0.8873239436619719","71","5","0.1126760563380282","0.08309859154929577","0.07042253521126761","0.07887323943661971","360","-0.04444444444444445","0.1357340720221607"
"14 20:20:00","0.8360655737704918","61","6","0.180327868852459","0.1229508196721311","0.09836065573770492","0.1147540983606557","344","-0.1395348837209302","0.1101449275362319"
"14 20:40:00","0.8723404255319149","47","12","0.3829787234042553","0.2936170212765958","0.2553191489361702","0.2808510638297872","296","0.1621621621621622","0.04697986577181208"
"15 08:00:00","0.875","16","0","","","","","344","0.1366279069767442","0.05491329479768786"
"15 08:20:00","1","19","0","","","","","391","0.1483375959079284","0.0737913486005089"
"15 08:40:00","1","30","0","","","","","449","0.1135857461024499","0.106430155210643"
"15 09:00:00","0.9411764705882353","51","3","0.09803921568627451","0.07058823529411765","0.05882352941176471","0.06666666666666667","500","0.118","0.1254980079681275"
"15 09:20:00","0.9178082191780822","73","1","0.0136986301369863","0.0136986301369863","0.0136986301369863","0.0136986301369863","559","0.01073345259391771","0.1178571428571429"
"15 09:40:00","0.9054054054054054","74","4","0.08108108108108109","0.06216216216216216","0.05405405405405406","0.05945945945945946","565","0.07256637168141593","0.1267605633802817"
"15 10:00:00","0.9358974358974359","78","5","0.08974358974358974","0.07179487179487179","0.0641025641025641","0.06923076923076923","606","-0.0033003300330033","0.1023102310231023"
"15 10:20:00","0.9130434782608695","69","7","0.1739130434782609","0.1231884057971015","0.1014492753623188","0.1159420289855072","604","-0.009933774834437087","0.1256198347107438"
"15 10:40:00","0.9629629629629629","81","1","0.01234567901234568","0.01234567901234568","0.01234567901234568","0.01234567901234568","598","-0.008361204013377926","0.1229235880398671"
"15 11:00:00","0.9176470588235294","85","8","0.1764705882352941","0.1188235294117647","0.09411764705882353","0.1105882352941177","593","-0.02023608768971332","0.1445378151260504"
"15 11:20:00","0.8888888888888888","99","11","0.1717171717171717","0.1292929292929293","0.1111111111111111","0.1232323232323232","581","-0.01721170395869191","0.1288659793814433"
"15 11:40:00","0.8977272727272727","88","12","0.1931818181818182","0.1534090909090909","0.1363636363636364","0.1477272727272727","571","-0.07880910683012259","0.08741258741258741"
"15 12:00:00","0.9272727272727272","55","1","0.01818181818181818","0.01818181818181818","0.01818181818181818","0.01818181818181818","526","-0.02091254752851711","0.1136363636363636"
"15 12:20:00","0.9402985074626866","67","6","0.1641791044776119","0.1119402985074627","0.08955223880597014","0.1044776119402985","515","-0.03300970873786408","0.08897485493230174"
"15 12:40:00","0.9399999999999999","50","1","0.04","0.026","0.02","0.024","498","0.01405622489959839","0.07028112449799197"
"15 13:00:00","0.9473684210526315","38","2","0.05263157894736842","0.05263157894736842","0.05263157894736842","0.05263157894736842","505","-0.02574257425742574","0.08695652173913043"
"15 13:20:00","0.9574468085106383","47","1","0.02127659574468085","0.02127659574468085","0.02127659574468085","0.02127659574468085","492","0.03861788617886179","0.1260162601626016"
"15 13:40:00","0.96875","64","3","0.078125","0.05625","0.046875","0.053125","511","0.02544031311154599","0.12109375"
"15 14:00:00","0.8888888888888888","72","8","0.1944444444444444","0.1361111111111111","0.1111111111111111","0.1277777777777778","524","0.07824427480916031","0.09505703422053231"
"15 14:20:00","0.9622641509433962","53","3","0.05660377358490566","0.05660377358490566","0.05660377358490566","0.05660377358490566","565","0.008849557522123894","0.1113074204946996"
"15 14:40:00","0.9452054794520548","73","2","0.0547945205479452","0.03561643835616438","0.0273972602739726","0.03287671232876712","570","0.02105263157894737","0.138353765323993"
"15 15:00:00","1","81","5","0.08641975308641975","0.0691358024691358","0.06172839506172839","0.06666666666666667","582","0.03092783505154639","0.09450171821305842"
"15 15:20:00","0.9827586206896551","58","1","0.01724137931034483","0.01724137931034483","0.01724137931034483","0.01724137931034483","600","0.02833333333333333","0.115"
"15 15:40:00","0.9859154929577465","71","2","0.04225352112676056","0.0323943661971831","0.02816901408450704","0.03098591549295775","617","0","0.1085899513776337"
"15 16:00:00","0.96","75","2","0.02666666666666667","0.02666666666666667","0.02666666666666667","0.02666666666666667","617","-0.05186385737439222","0.1296596434359805"
"15 16:20:00","0.9333333333333333","90","4","0.07777777777777778","0.05444444444444445","0.04444444444444445","0.05111111111111111","585","-0.0170940170940171","0.09385665529010238"
"15 16:40:00","0.8939393939393939","66","1","0.01515151515151515","0.01515151515151515","0.01515151515151515","0.01515151515151515","575","-0.05217391304347826","0.1178509532062392"
"15 17:00:00","0.9855072463768116","69","0","","","","","545","-0.02935779816513762","0.1170018281535649"
"15 17:20:00","0.927536231884058","69","5","0.1159420289855072","0.0855072463768116","0.07246376811594203","0.08115942028985507","529","-0.05482041587901702","0.1334586466165414"
"15 17:40:00","0.8823529411764706","85","4","0.07058823529411765","0.05411764705882353","0.04705882352941176","0.05176470588235295","500","-0.068","0.1170634920634921"
"15 18:00:00","0.8714285714285714","70","8","0.1714285714285714","0.1314285714285714","0.1142857142857143","0.1257142857142857","466","-0.03004291845493562","0.1087420042643923"
"15 18:20:00","0.9310344827586207","58","2","0.06896551724137931","0.04482758620689655","0.03448275862068965","0.04137931034482759","452","-0.06194690265486726","0.1274725274725275"
"15 18:40:00","0.90625","64","5","0.09375","0.0828125","0.078125","0.08125","424","-0.06839622641509434","0.1056338028169014"
"15 19:00:00","0.8545454545454545","55","4","0.1090909090909091","0.08363636363636363","0.07272727272727272","0.08","395","-0.09367088607594937","0.1338383838383838"
"15 19:20:00","0.855072463768116","69","6","0.1594202898550725","0.108695652173913","0.08695652173913043","0.1014492753623188","358","-0.0782122905027933","0.08635097493036212"
"15 19:40:00","0.5636363636363636","55","6","0.1818181818181818","0.1309090909090909","0.1090909090909091","0.1236363636363636","330","-0.09393939393939393","0.06927710843373494"
"15 20:00:00","0.8888888888888888","27","5","0.2962962962962963","0.2185185185185185","0.1851851851851852","0.2074074074074074","299","-0.1270903010033445","0.1096345514950166"
"15 20:20:00","0.9428571428571428","35","0","","","","","261","-0.264367816091954","0.0842911877394636"
"15 20:40:00","0.9583333333333334","24","4","0.2916666666666667","0.2041666666666667","0.1666666666666667","0.1916666666666667","192","0.1979166666666667","0.05729166666666666"
"16 08:00:00","0.7857142857142857","14","2","0.2857142857142857","0.1857142857142857","0.1428571428571428","0.1714285714285714","230","0.2260869565217391","0.06060606060606061"
"16 08:20:00","0.7368421052631579","19","2","0.2105263157894737","0.1368421052631579","0.1052631578947368","0.1263157894736842","282","0.124113475177305","0.07394366197183098"
"16 08:40:00","0.9166666666666666","24","2","0.1666666666666667","0.1083333333333333","0.08333333333333333","0.09999999999999999","317","0.1703470031545741","0.1065830721003135"
"16 09:00:00","0.9444444444444444","36","0","","","","","371","0.08355795148247978","0.1075268817204301"
"16 09:20:00","1","40","1","0.05","0.0325","0.025","0.03","402","0.06218905472636816","0.109181141439206"
"16 09:40:00","0.9777777777777777","45","3","0.08888888888888889","0.07333333333333333","0.06666666666666667","0.07111111111111111","427","0.06088992974238876","0.1308411214953271"
"16 10:00:00","0.8805970149253731","67","5","0.1194029850746269","0.08805970149253732","0.07462686567164178","0.08358208955223879","453","0","0.1494505494505494"
"16 10:20:00","0.8902439024390244","82","5","0.1097560975609756","0.07560975609756097","0.06097560975609756","0.07073170731707316","453","0.01103752759381899","0.1142857142857143"
"16 10:40:00","0.9032258064516129","62","8","0.2258064516129032","0.1580645161290323","0.1290322580645161","0.1483870967741935","458","-0.03056768558951965","0.1394335511982571"
"16 11:00:00","0.9054054054054054","74","5","0.06756756756756757","0.06756756756756757","0.06756756756756757","0.06756756756756757","444","-0.04054054054054054","0.1213483146067416"
"16 11:20:00","0.9322033898305084","59","5","0.1186440677966102","0.09491525423728812","0.0847457627118644","0.09152542372881356","426","-0.08685446009389672","0.107728337236534"
"16 11:40:00","0.9399999999999999","50","7","0.22","0.164","0.14","0.156","389","-0.02313624678663239","0.1128205128205128"
"16 12:00:00","0.9","50","5","0.16","0.118","0.1","0.112","380","-0.02105263157894737","0.1286089238845144"
"16 12:20:00","0.9433962264150944","53","2","0.03773584905660377","0.03773584905660377","0.03773584905660377","0.03773584905660377","372","-0.05376344086021505","0.1340482573726542"
"16 12:40:00","0.847457627118644","59","2","0.05084745762711865","0.03898305084745762","0.03389830508474576","0.03728813559322034","352","0.05965909090909091","0.1016949152542373"
"16 13:00:00","0.9047619047619048","42","4","0.1428571428571428","0.1095238095238095","0.09523809523809523","0.1047619047619048","373","0.02144772117962467","0.1063829787234043"
"16 13:20:00","0.9523809523809523","42","0","","","","","381","0.03412073490813648","0.1096605744125326"
"16 13:40:00","0.9555555555555556","45","2","0.08888888888888889","0.05777777777777778","0.04444444444444445","0.05333333333333333","394","-0.04060913705583756","0.1085858585858586"
"16 14:00:00","0.8181818181818182","55","8","0.2545454545454545","0.1781818181818182","0.1454545454545454","0.1672727272727273","378","0.01851851851851852","0.1210526315789474"
"16 14:20:00","0.7868852459016393","61","12","0.2950819672131147","0.2262295081967213","0.1967213114754098","0.2163934426229508","385","0.005194805194805195","0.1627906976744186"
"16 14:40:00","0.8421052631578947","76","9","0.1447368421052632","0.1263157894736842","0.1184210526315789","0.1236842105263158","387","0.02842377260981912","0.1696658097686375"
"16 15:00:00","0.8846153846153846","78","6","0.1153846153846154","0.08846153846153847","0.07692307692307693","0.08461538461538461","398","0.0678391959798995","0.1704260651629073"
"16 15:20:00","0.9324324324324325","74","9","0.1891891891891892","0.1418918918918919","0.1216216216216216","0.1351351351351351","425","0.02352941176470588","0.1384976525821596"
"16 15:40:00","0.8714285714285714","70","10","0.1857142857142857","0.1557142857142857","0.1428571428571428","0.1514285714285714","435","-0.02528735632183908","0.1628440366972477"
"16 16:00:00","0.961038961038961","77","5","0.1038961038961039","0.07662337662337662","0.06493506493506493","0.07272727272727272","424","0","0.1408450704225352"
"16 16:20:00","0.9264705882352942","68","1","0.02941176470588235","0.01911764705882353","0.01470588235294118","0.01764705882352941","424","-0.01415094339622642","0.1314553990610329"
"16 16:40:00","0.890625","64","2","0.046875","0.0359375","0.03125","0.034375","418","-0.05023923444976076","0.1428571428571428"
"16 17:00:00","0.88","75","6","0.1066666666666667","0.08799999999999999","0.08","0.08533333333333334","397","-0.05793450881612091","0.1708542713567839"
"16 17:20:00","0.8888888888888888","81","7","0.1481481481481481","0.1049382716049383","0.08641975308641975","0.09876543209876543","374","-0.0106951871657754","0.1386666666666667"
"16 17:40:00","0.8484848484848485","66","10","0.2575757575757576","0.1833333333333333","0.1515151515151515","0.1727272727272727","370","-0.03513513513513514","0.1621621621621622"
"16 18:00:00","0.7590361445783133","83","19","0.3132530120481928","0.2542168674698795","0.2289156626506024","0.2457831325301205","357","-0.06162464985994398","0.15406162464986"
"16 18:20:00","0.7368421052631579","76","17","0.3289473684210527","0.2552631578947368","0.2236842105263158","0.2447368421052632","335","0.005970149253731343","0.1522388059701492"
"16 18:40:00","0.8125","64","14","0.28125","0.2375","0.21875","0.23125","337","-0.05341246290801187","0.1420118343195266"
"16 19:00:00","0.78125","64","12","0.28125","0.215625","0.1875","0.20625","319","-0.09404388714733543","0.1152647975077882"
"16 19:20:00","0.8571428571428571","49","11","0.3265306122448979","0.2551020408163265","0.2244897959183673","0.2448979591836735","289","-0.0726643598615917","0.1202749140893471"
"16 19:40:00","0.851063829787234","47","10","0.3404255319148936","0.2510638297872341","0.2127659574468085","0.2382978723404255","268","0.02985074626865672","0.08888888888888889"
"16 20:00:00","0.7058823529411765","34","9","0.3823529411764706","0.3","0.2647058823529412","0.2882352941176471","276","-0.07971014492753623","0.1075268817204301"
"16 20:20:00","0.6818181818181818","44","9","0.2954545454545455","0.2318181818181818","0.2045454545454546","0.2227272727272727","254","0.03543307086614173","0.09727626459143969"
"16 20:40:00","0.6086956521739131","46","3","0.108695652173913","0.0782608695652174","0.06521739130434782","0.07391304347826087","263","0.1825095057034221","0.05283018867924529"
"17 08:00:00","1","14","0","","","","","311","0.2122186495176849","0.06389776357827476"
"17 08:20:00","0.9523809523809523","21","1","0.04761904761904762","0.04761904761904762","0.04761904761904762","0.04761904761904762","377","0.103448275862069","0.08443271767810026"
"17 08:40:00","0.8421052631578947","38","1","0.02631578947368421","0.02631578947368421","0.02631578947368421","0.02631578947368421","416","0.05048076923076923","0.1346153846153846"
"17 09:00:00","0.9090909090909091","66","3","0.09090909090909091","0.05909090909090909","0.04545454545454546","0.05454545454545455","437","0.002288329519450801","0.06422018348623854"
"17 09:20:00","0.7","40","13","0.5","0.3775","0.325","0.36","438","-0.0593607305936073","0.06122448979591837"
"17 09:40:00","0.6511627906976745","43","9","0.3488372093023256","0.2511627906976744","0.2093023255813954","0.2372093023255814","412","-0.04854368932038835","0.1043689320388349"
"17 10:00:00","0.7142857142857143","63","21","0.492063492063492","0.3809523809523809","0.3333333333333333","0.3650793650793651","392","-0.01530612244897959","0.06106870229007633"
"17 10:20:00","0.4705882352941176","51","28","0.803921568627451","0.6254901960784314","0.5490196078431373","0.6","386","-0.038860103626943","0.09020618556701031"
"17 10:40:00","0.578125","64","24","0.578125","0.4359375","0.375","0.415625","371","-0.01886792452830189","0.1048387096774194"
"17 11:00:00","0.4712643678160919","87","44","0.7586206896551724","0.5816091954022988","0.5057471264367817","0.5563218390804597","364","-0.07692307692307693","0.09366391184573003"
"17 11:20:00","0.4743589743589743","78","44","0.8461538461538461","0.6487179487179487","0.5641025641025641","0.6205128205128205","336","-0.02678571428571428","0.1611940298507463"
"17 11:40:00","0.6","90","38","0.6444444444444445","0.4888888888888889","0.4222222222222222","0.4666666666666667","327","-0.0856269113149847","0.1042944785276074"
"17 12:00:00","0.5072463768115942","69","29","0.6811594202898551","0.4985507246376811","0.4202898550724637","0.472463768115942","299","0.003344481605351171","0.1543624161073825"
"17 12:20:00","0.611764705882353","85","28","0.4117647058823529","0.3541176470588235","0.3294117647058823","0.3458823529411765","300","0.003333333333333334","0.1"
"17 12:40:00","0.6521739130434783","46","25","0.9347826086956522","0.6608695652173913","0.5434782608695652","0.6217391304347827","301","-0.05647840531561462","0.1362126245847176"
"17 13:00:00","0.7288135593220338","59","18","0.4576271186440678","0.3508474576271186","0.3050847457627119","0.3355932203389831","284","0.02816901408450704","0.147887323943662"
"17 13:20:00","0.703125","64","30","0.703125","0.5390625","0.46875","0.515625","292","0.1095890410958904","0.1575342465753425"
"17 13:40:00","0.7575757575757576","66","22","0.4848484848484849","0.3787878787878788","0.3333333333333333","0.3636363636363636","324","0.1820987654320988","0.2314814814814815"
"17 14:00:00","0.797979797979798","99","22","0.3131313131313131","0.2494949494949495","0.2222222222222222","0.2404040404040404","383","0.0731070496083551","0.1906005221932115"
"17 14:20:00","0.7857142857142857","98","25","0.3979591836734694","0.2979591836734694","0.2551020408163265","0.2836734693877551","411","0.0948905109489051","0.2014563106796116"
"17 14:40:00","0.7818181818181819","110","32","0.4454545454545454","0.3372727272727273","0.2909090909090909","0.3218181818181818","450","0.02444444444444445","0.1995565410199557"
"17 15:00:00","0.8235294117647058","119","25","0.2773109243697479","0.2302521008403361","0.2100840336134454","0.2235294117647059","461","0.1062906724511931","0.191304347826087"
"17 15:20:00","0.7796610169491526","118","26","0.3220338983050847","0.2508474576271186","0.2203389830508475","0.2406779661016949","510","0.0392156862745098","0.2058823529411765"
"17 15:40:00","0.8615384615384616","130","16","0.1846153846153846","0.1415384615384615","0.1230769230769231","0.1353846153846154","530","-0.03584905660377358","0.1679245283018868"
"17 16:00:00","0.8256880733944955","109","22","0.3027522935779817","0.2321100917431193","0.2018348623853211","0.2220183486238532","511","-0.01565557729941291","0.1803921568627451"
"17 16:20:00","0.7966101694915254","118","29","0.3983050847457627","0.2915254237288136","0.2457627118644068","0.276271186440678","503","-0.06958250497017893","0.1391650099403579"
"17 16:40:00","0.6481481481481481","108","40","0.5092592592592593","0.412037037037037","0.3703703703703703","0.3981481481481481","468","-0.05341880341880342","0.08547008547008547"
"17 17:00:00","0.6507936507936508","63","33","0.8253968253968254","0.6142857142857143","0.5238095238095238","0.5841269841269841","443","-0.1106094808126411","0.09480812641083522"
"17 17:20:00","0.671875","64","19","0.421875","0.334375","0.296875","0.321875","394","-0.0532994923857868","0.09923664122137404"
"17 17:40:00","0.6190476190476191","63","23","0.6031746031746031","0.4365079365079365","0.3650793650793651","0.4126984126984127","373","-0.1152815013404826","0.1424731182795699"
"17 18:00:00","0.6987951807228916","83","26","0.4337349397590362","0.3493975903614458","0.3132530120481928","0.3373493975903614","330","-0.02424242424242424","0.1021021021021021"
"17 18:20:00","0.4625","80","40","0.775","0.5825","0.5","0.5549999999999999","322","-0.06832298136645963","0.1424148606811146"
"17 18:40:00","0.5212765957446809","94","45","0.6595744680851063","0.5329787234042553","0.4787234042553192","0.5148936170212766","300","-0.01","0.1589403973509934"
"17 19:00:00","0.8333333333333334","60","22","0.5666666666666667","0.4266666666666667","0.3666666666666666","0.4066666666666666","297","-0.06060606060606061","0.1304347826086956"
"17 19:20:00","0.8","50","15","0.38","0.324","0.3","0.316","279","-0.007168458781362007","0.1382978723404255"
"17 19:40:00","0.7959183673469388","49","12","0.4081632653061225","0.2938775510204082","0.2448979591836735","0.2775510204081633","277","-0.1227436823104693","0.1182795698924731"
"17 20:00:00","0.8","45","9","0.2888888888888889","0.2266666666666667","0.2","0.2177777777777778","243","-0.09876543209876543","0.1224489795918367"
"17 20:20:00","0.9117647058823529","34","3","0.1470588235294118","0.1058823529411765","0.08823529411764706","0.09999999999999999","219","-1","0.08636363636363636"
"17 20:40:00","0.8695652173913043","23","3","0.1304347826086956","0.1304347826086956","0.1304347826086956","0.1304347826086956","","",""
